attribute,BF_RUD,BF_RUD,BF_RUD,BF_INT,BF_INT,BF_INT,BF_ADV,BF_ADV,BF_ADV,CHH_RUD,CHH_RUD,CHH_RUD,CHH_INT,CHH_INT,CHH_INT,CHH_ADV,CHH_ADV,CHH_ADV,FC_RUD,FC_RUD,FC_RUD,FC_INT,FC_INT,FC_INT,FC_ADV,FC_ADV,FC_ADV,MSW_RUD,MSW_RUD,MSW_RUD,MSW_INT,MSW_INT,MSW_INT,MSW_ADV,MSW_ADV,MSW_ADV,MSL_RUD,MSL_RUD,MSL_RUD,MSL_INT,MSL_INT,MSL_INT,MSL_ADV,MSL_ADV,MSL_ADV,EMP_UN,EMP_UN,EMP_UN,EMP_AL,EMP_AL,EMP_AL,EMP_NAL,EMP_NAL,EMP_NAL
salient_info,vill%_s,vill%_f,distance,vill%_s,vill%_f,distance,vill%_s,vill%_f,distance,vill%_s,vill%_f,distance,vill%_s,vill%_f,distance,vill%_s,vill%_f,distance,vill%_s,vill%_f,distance,vill%_s,vill%_f,distance,vill%_s,vill%_f,distance,vill%_s,vill%_f,distance,vill%_s,vill%_f,distance,vill%_s,vill%_f,distance,vill%_s,vill%_f,distance,vill%_s,vill%_f,distance,vill%_s,vill%_f,distance,vill%_s,vill%_f,distance,vill%_s,vill%_f,distance,vill%_s,vill%_f,distance
203,92.03,98.47,28.62,0.72,0.29,28.62,7.25,1.23,28.62,10.14,9.8,28.62,46.38,33.33,28.62,43.48,56.86,28.62,43.48,48.58,28.62,52.17,50.91,28.62,4.35,0.51,28.62,0.72,1.53,28.62,99.28,98.04,28.62,0.0,0.44,28.62,86.23,96.95,28.62,10.87,2.54,28.62,2.9,0.51,28.62,79.71,68.85,28.62,15.22,30.07,28.62,5.07,1.09,28.62
204,94.44,97.53,35.27,0.0,0.24,35.27,5.56,2.23,35.27,11.11,11.31,35.27,54.76,53.63,35.27,34.13,35.06,35.27,54.76,48.05,35.27,42.86,51.55,35.27,2.38,0.4,35.27,0.0,0.08,35.27,100.0,99.76,35.27,0.0,0.16,35.27,83.33,95.78,35.27,15.08,3.98,35.27,1.59,0.24,35.27,80.16,83.98,35.27,15.08,14.66,35.27,4.76,1.35,35.27
205,90.0,95.29,18.34,5.0,1.05,18.34,5.0,3.66,18.34,35.0,13.61,18.34,35.0,40.31,18.34,30.0,46.07,18.34,20.0,18.32,18.34,80.0,81.68,18.34,0.0,0.0,18.34,0.0,0.0,18.34,100.0,99.48,18.34,0.0,0.52,18.34,70.0,94.24,18.34,30.0,5.76,18.34,0.0,0.0,18.34,85.0,87.96,18.34,15.0,11.52,18.34,0.0,0.52,18.34
206,96.3,98.39,32.42,0.0,0.12,32.42,3.7,1.49,32.42,4.94,6.07,32.42,60.49,52.17,32.42,34.57,41.76,32.42,29.63,28.75,32.42,69.14,71.0,32.42,1.23,0.25,32.42,1.23,0.37,32.42,98.77,99.63,32.42,0.0,0.0,32.42,85.19,96.16,32.42,13.58,3.59,32.42,1.23,0.25,32.42,90.12,90.33,32.42,3.7,8.05,32.42,6.17,1.61,32.42
207,94.59,97.64,41.48,0.9,0.36,41.48,4.5,2.0,41.48,8.11,13.43,41.48,67.57,60.44,41.48,24.32,26.13,41.48,50.45,39.56,41.48,47.75,59.98,41.48,1.8,0.45,41.48,0.0,0.18,41.48,100.0,99.64,41.48,0.0,0.18,41.48,89.19,89.93,41.48,9.91,9.17,41.48,0.9,0.91,41.48,88.29,74.32,41.48,7.21,23.41,41.48,4.5,2.27,41.48
208,96.23,98.67,33.03,1.89,0.19,33.03,1.89,1.14,33.03,9.43,11.2,33.03,35.85,41.18,33.03,54.72,47.63,33.03,18.87,14.61,33.03,81.13,85.39,33.03,0.0,0.0,33.03,0.0,0.0,33.03,100.0,100.0,33.03,0.0,0.0,33.03,84.91,93.17,33.03,15.09,6.45,33.03,0.0,0.38,33.03,86.79,75.71,33.03,9.43,23.72,33.03,3.77,0.57,33.03
209,98.61,99.86,35.84,1.39,0.14,35.84,0.0,0.0,35.84,6.94,10.03,35.84,37.5,33.01,35.84,55.56,56.96,35.84,13.89,5.57,35.84,86.11,94.43,35.84,0.0,0.0,35.84,0.0,0.14,35.84,100.0,99.86,35.84,0.0,0.0,35.84,80.56,96.52,35.84,19.44,3.34,35.84,0.0,0.14,35.84,79.17,68.8,35.84,18.06,30.64,35.84,2.78,0.56,35.84
210,98.75,99.62,40.99,0.0,0.0,40.99,1.25,0.38,40.99,11.25,14.65,40.99,41.25,35.48,40.99,47.5,49.87,40.99,11.25,7.2,40.99,88.75,92.55,40.99,0.0,0.25,40.99,2.5,1.77,40.99,96.25,97.98,40.99,1.25,0.25,40.99,77.5,81.82,40.99,21.25,16.16,40.99,1.25,2.02,40.99,86.25,87.37,40.99,8.75,11.36,40.99,5.0,1.26,40.99
211,99.11,99.19,44.34,0.89,0.36,44.34,0.0,0.45,44.34,14.29,12.37,44.34,29.46,31.0,44.34,56.25,56.63,44.34,5.36,4.57,44.34,94.64,95.34,44.34,0.0,0.09,44.34,2.68,0.99,44.34,97.32,98.92,44.34,0.0,0.09,44.34,90.18,91.13,44.34,8.93,7.62,44.34,0.89,1.25,44.34,90.18,77.78,44.34,7.14,21.24,44.34,2.68,0.99,44.34
212,100.0,96.51,29.75,0.0,1.47,29.75,0.0,2.03,29.75,16.67,16.34,29.75,38.19,32.4,29.75,45.14,51.26,29.75,11.11,7.12,29.75,88.89,92.53,29.75,0.0,0.35,29.75,0.69,1.05,29.75,99.31,98.74,29.75,0.0,0.21,29.75,98.61,98.11,29.75,0.69,1.68,29.75,0.69,0.21,29.75,86.81,83.45,29.75,11.81,15.43,29.75,1.39,1.12,29.75
213,100.0,98.75,42.2,0.0,0.25,42.2,0.0,1.0,42.2,7.32,5.75,42.2,56.1,38.0,42.2,36.59,56.25,42.2,36.59,18.5,42.2,58.54,80.75,42.2,4.88,0.75,42.2,0.0,0.25,42.2,97.56,99.25,42.2,2.44,0.5,42.2,95.12,98.75,42.2,4.88,1.25,42.2,0.0,0.0,42.2,73.17,69.5,42.2,17.07,29.0,42.2,9.76,1.5,42.2
214,97.78,99.1,26.99,0.0,0.0,26.99,2.22,0.9,26.99,4.44,4.27,26.99,48.89,40.45,26.99,46.67,55.28,26.99,17.78,16.18,26.99,82.22,83.82,26.99,0.0,0.0,26.99,0.0,0.45,26.99,100.0,99.33,26.99,0.0,0.22,26.99,95.56,95.96,26.99,4.44,3.6,26.99,0.0,0.45,26.99,86.67,85.84,26.99,8.89,12.81,26.99,4.44,1.35,26.99
215,72.73,92.34,36.86,0.91,0.64,36.86,26.36,7.02,36.86,20.91,11.58,36.86,49.09,53.97,36.86,30.0,34.46,36.86,41.82,31.91,36.86,40.0,66.0,36.86,18.18,2.1,36.86,1.82,0.46,36.86,97.27,99.27,36.86,0.91,0.27,36.86,44.55,83.23,36.86,49.09,15.41,36.86,6.36,1.37,36.86,65.45,86.6,36.86,5.45,8.48,36.86,29.09,4.92,36.86
216,71.1,92.29,35.63,0.0,0.35,35.63,28.9,7.36,35.63,16.76,7.59,35.63,42.77,44.26,35.63,40.46,48.15,35.63,51.45,42.0,35.63,30.64,55.97,35.63,17.92,2.03,35.63,0.0,0.35,35.63,98.84,99.25,35.63,1.16,0.41,35.63,60.69,86.33,35.63,24.86,11.53,35.63,14.45,2.14,35.63,66.47,88.99,35.63,3.47,5.27,35.63,30.06,5.74,35.63
217,85.82,94.31,29.21,0.71,0.36,29.21,13.48,5.33,29.21,12.06,13.87,29.21,56.03,46.59,29.21,31.91,39.54,29.21,46.81,45.45,29.21,50.35,53.27,29.21,2.84,1.28,29.21,0.0,0.07,29.21,98.58,97.51,29.21,1.42,2.42,29.21,77.3,80.94,29.21,21.99,17.0,29.21,0.71,2.06,29.21,95.74,92.82,29.21,0.71,5.26,29.21,3.55,1.92,29.21
218,91.72,94.4,33.3,0.0,0.21,33.3,8.28,5.39,33.3,20.0,17.76,33.3,62.07,57.15,33.3,17.93,25.09,33.3,66.9,54.8,33.3,31.72,44.51,33.3,1.38,0.69,33.3,0.0,0.07,33.3,100.0,98.41,33.3,0.0,1.52,33.3,75.17,93.64,33.3,23.45,5.81,33.3,1.38,0.55,33.3,88.97,95.3,33.3,7.59,3.39,33.3,3.45,1.31,33.3
219,89.87,95.74,38.0,0.0,0.19,38.0,10.13,4.07,38.0,15.19,13.1,38.0,54.43,55.28,38.0,30.38,31.62,38.0,50.0,52.35,38.0,44.94,46.63,38.0,5.06,1.02,38.0,3.8,0.83,38.0,94.94,98.16,38.0,1.27,1.02,38.0,65.82,88.3,38.0,27.85,10.56,38.0,6.33,1.15,38.0,93.67,96.25,38.0,2.53,2.42,38.0,3.8,1.34,38.0
220,68.75,88.26,30.34,0.69,0.42,30.34,30.56,11.32,30.34,19.44,7.34,30.34,31.94,42.7,30.34,48.61,49.97,30.34,35.42,48.99,30.34,55.56,49.2,30.34,9.03,1.82,30.34,4.17,1.68,30.34,95.83,97.83,30.34,0.0,0.49,30.34,66.67,88.54,30.34,29.86,10.55,30.34,3.47,0.91,30.34,86.81,91.26,30.34,2.78,4.05,30.34,10.42,4.68,30.34
221,82.76,95.51,37.45,0.0,0.43,37.45,17.24,4.06,37.45,3.45,4.15,37.45,48.28,46.5,37.45,48.28,49.35,37.45,51.72,28.26,37.45,36.21,70.1,37.45,12.07,1.64,37.45,0.0,0.35,37.45,99.14,99.22,37.45,0.86,0.43,37.45,68.1,91.36,37.45,29.31,8.04,37.45,2.59,0.61,37.45,71.55,90.58,37.45,1.72,5.1,37.45,26.72,4.32,37.45
222,67.12,87.65,34.35,4.11,1.37,34.35,28.77,10.97,34.35,9.59,4.94,34.35,50.68,47.87,34.35,39.73,47.19,34.35,50.68,28.26,34.35,43.84,70.78,34.35,5.48,0.96,34.35,0.0,0.82,34.35,98.63,97.94,34.35,1.37,1.23,34.35,45.21,85.6,34.35,36.99,11.66,34.35,17.81,2.74,34.35,75.34,85.46,34.35,8.22,7.41,34.35,16.44,7.13,34.35
223,84.62,92.94,32.35,0.0,0.0,32.35,15.38,7.06,32.35,15.38,7.45,32.35,73.08,53.73,32.35,11.54,38.82,32.35,26.92,13.73,32.35,65.38,85.49,32.35,7.69,0.78,32.35,0.0,0.78,32.35,100.0,98.82,32.35,0.0,0.39,32.35,57.69,91.37,32.35,38.46,8.24,32.35,3.85,0.39,32.35,84.62,90.2,32.35,3.85,6.27,32.35,11.54,3.53,32.35
224,63.37,86.37,25.91,13.86,3.58,25.91,22.77,10.05,25.91,10.89,9.35,25.91,47.52,38.61,25.91,41.58,52.04,25.91,32.67,21.99,25.91,60.4,75.82,25.91,6.93,2.19,25.91,2.97,19.0,25.91,94.06,78.31,25.91,2.97,2.69,25.91,35.64,63.88,25.91,52.48,30.15,25.91,11.88,5.97,25.91,67.33,83.48,25.91,4.95,8.56,25.91,27.72,7.96,25.91
225,98.27,97.68,31.72,0.0,0.35,31.72,1.73,1.97,31.72,11.56,14.4,31.72,44.51,27.87,31.72,43.93,57.72,31.72,30.06,41.93,31.72,68.79,57.32,31.72,1.16,0.75,31.72,28.32,35.6,31.72,69.94,62.43,31.72,1.73,1.97,31.72,75.72,84.26,31.72,17.34,10.22,31.72,6.94,5.52,31.72,78.03,72.76,31.72,21.39,24.51,31.72,0.58,2.73,31.72
226,41.07,81.67,32.45,23.21,2.72,32.45,35.71,15.61,32.45,32.14,11.98,32.45,42.86,37.93,32.45,25.0,50.09,32.45,58.93,49.0,32.45,21.43,46.1,32.45,19.64,4.9,32.45,21.43,25.95,32.45,76.79,71.14,32.45,1.79,2.9,32.45,21.43,65.34,32.45,67.86,27.95,32.45,10.71,6.72,32.45,71.43,83.12,32.45,0.0,9.07,32.45,28.57,7.8,32.45
227,75.68,88.06,23.0,0.0,0.28,23.0,24.32,11.67,23.0,10.81,8.61,23.0,43.24,41.39,23.0,45.95,50.0,23.0,10.81,24.44,23.0,83.78,74.72,23.0,5.41,0.83,23.0,2.7,16.39,23.0,94.59,81.11,23.0,2.7,2.5,23.0,70.27,74.44,23.0,18.92,20.0,23.0,10.81,5.56,23.0,86.49,84.17,23.0,13.51,12.5,23.0,0.0,3.33,23.0
228,96.3,93.1,20.38,0.0,1.53,20.38,3.7,5.36,20.38,14.81,4.98,20.38,51.85,42.53,20.38,33.33,52.49,20.38,0.0,1.92,20.38,100.0,98.08,20.38,0.0,0.0,20.38,18.52,5.36,20.38,81.48,93.87,20.38,0.0,0.77,20.38,62.96,89.66,20.38,33.33,9.58,20.38,3.7,0.77,20.38,74.07,71.26,20.38,14.81,24.9,20.38,11.11,3.83,20.38
229,82.35,94.26,21.04,0.98,0.69,21.04,16.67,5.04,21.04,7.84,7.12,21.04,53.92,43.22,21.04,38.24,49.65,21.04,7.84,3.96,21.04,88.24,95.15,21.04,3.92,0.89,21.04,4.9,4.55,21.04,94.12,94.26,21.04,0.98,1.19,21.04,64.71,85.66,21.04,25.49,12.46,21.04,9.8,1.88,21.04,76.47,71.51,21.04,20.59,25.62,21.04,2.94,2.87,21.04
230,82.31,87.3,28.99,3.08,0.92,28.99,14.62,11.78,28.99,4.62,6.62,28.99,49.23,45.19,28.99,46.15,48.19,28.99,11.54,9.39,28.99,85.38,87.91,28.99,3.08,2.69,28.99,1.54,1.0,28.99,96.92,97.77,28.99,1.54,1.23,28.99,40.77,62.82,28.99,39.23,25.1,28.99,20.0,12.09,28.99,83.08,76.44,28.99,11.54,19.17,28.99,5.38,4.39,28.99
231,92.08,95.91,33.43,0.0,0.1,33.43,7.92,3.99,33.43,9.9,8.48,33.43,54.46,48.6,33.43,35.64,42.91,33.43,16.83,14.37,33.43,79.21,84.43,33.43,3.96,1.2,33.43,0.0,0.2,33.43,100.0,98.8,33.43,0.0,1.0,33.43,84.16,95.01,33.43,13.86,4.69,33.43,1.98,0.3,33.43,97.03,90.52,33.43,0.99,7.29,33.43,1.98,2.2,33.43
232,82.35,95.85,31.15,1.18,0.36,31.15,16.47,3.79,31.15,9.41,10.66,31.15,41.18,39.69,31.15,49.41,49.64,31.15,23.53,14.69,31.15,69.41,84.0,31.15,7.06,1.3,31.15,0.0,0.95,31.15,94.12,97.39,31.15,5.88,1.66,31.15,69.41,86.49,31.15,21.18,10.19,31.15,9.41,3.32,31.15,83.53,87.32,31.15,8.24,9.48,31.15,8.24,3.2,31.15
233,92.59,96.8,46.19,0.0,0.22,46.19,7.41,2.97,46.19,22.22,17.4,46.19,37.04,29.52,46.19,40.74,53.09,46.19,6.67,21.56,46.19,88.89,77.47,46.19,4.44,0.97,46.19,0.0,11.23,46.19,99.26,87.06,46.19,0.74,1.71,46.19,57.78,78.29,46.19,23.7,13.98,46.19,18.52,7.73,46.19,91.11,86.47,46.19,5.93,11.6,46.19,2.96,1.93,46.19
234,86.78,93.78,45.7,0.0,0.12,45.7,13.22,6.1,45.7,14.94,14.74,45.7,49.43,40.01,45.7,35.63,45.25,45.7,14.37,13.87,45.7,81.03,84.86,45.7,4.6,1.27,45.7,1.15,1.09,45.7,95.4,97.52,45.7,3.45,1.38,45.7,55.17,77.43,45.7,33.33,16.7,45.7,11.49,5.87,45.7,86.21,87.62,45.7,5.17,8.23,45.7,8.62,4.15,45.7
235,93.75,94.81,29.35,1.14,0.29,29.35,5.11,4.9,29.35,11.36,14.82,29.35,40.91,36.83,29.35,47.73,48.35,29.35,13.64,17.45,29.35,85.8,81.93,29.35,0.57,0.63,29.35,2.27,2.17,29.35,96.59,96.18,29.35,1.14,1.65,29.35,80.68,92.08,29.35,14.2,6.39,29.35,5.11,1.54,29.35,80.11,83.58,29.35,13.64,13.11,29.35,6.25,3.31,29.35
236,90.74,94.14,44.6,1.48,1.41,44.6,7.78,4.45,44.6,10.37,10.91,44.6,37.04,28.4,44.6,52.59,60.69,44.6,24.81,36.75,44.6,73.33,62.77,44.6,1.85,0.48,44.6,3.7,10.06,44.6,94.07,88.46,44.6,2.22,1.48,44.6,82.59,93.13,44.6,10.74,4.71,44.6,6.67,2.15,44.6,71.11,67.3,44.6,22.96,28.84,44.6,5.93,3.86,44.6
237,92.78,96.88,35.16,0.0,0.52,35.16,7.22,2.6,35.16,7.22,4.17,35.16,35.05,31.56,35.16,57.73,64.27,35.16,16.49,28.96,35.16,82.47,70.42,35.16,1.03,0.62,35.16,2.06,6.67,35.16,96.91,92.6,35.16,1.03,0.73,35.16,90.72,97.08,35.16,6.19,2.08,35.16,3.09,0.83,35.16,74.23,69.17,35.16,24.74,28.33,35.16,1.03,2.5,35.16
238,97.78,97.69,33.51,0.74,0.97,33.51,1.48,1.34,33.51,5.93,10.43,33.51,31.11,23.7,33.51,62.96,65.87,33.51,54.81,63.04,33.51,44.44,36.74,33.51,0.74,0.22,33.51,31.85,66.62,33.51,66.67,32.71,33.51,1.48,0.67,33.51,78.52,94.71,33.51,18.52,4.4,33.51,2.96,0.89,33.51,50.37,48.81,33.51,19.26,39.34,33.51,30.37,11.85,33.51
239,92.73,91.87,18.74,0.0,0.55,18.74,7.27,7.58,18.74,7.27,6.28,18.74,30.91,39.0,18.74,61.82,54.71,18.74,9.09,8.87,18.74,89.09,90.39,18.74,1.82,0.74,18.74,1.82,0.74,18.74,98.18,99.08,18.74,0.0,0.18,18.74,80.0,91.5,18.74,14.55,6.84,18.74,5.45,1.66,18.74,81.82,85.95,18.74,16.36,11.65,18.74,1.82,2.4,18.74
240,86.67,94.65,32.66,0.0,0.0,32.66,13.33,5.35,32.66,10.0,8.03,32.66,23.33,38.8,32.66,66.67,53.18,32.66,6.67,3.68,32.66,93.33,95.99,32.66,0.0,0.33,32.66,0.0,0.0,32.66,100.0,99.0,32.66,0.0,1.0,32.66,100.0,99.67,32.66,0.0,0.33,32.66,0.0,0.0,32.66,83.33,84.62,32.66,16.67,15.05,32.66,0.0,0.33,32.66
370,93.33,94.88,31.12,0.0,2.18,31.12,6.67,2.94,31.12,5.83,6.38,31.12,40.83,23.66,31.12,53.33,69.97,31.12,89.17,94.71,31.12,10.83,5.29,31.12,0.0,0.0,31.12,3.33,4.36,31.12,83.33,85.32,31.12,13.33,10.32,31.12,11.67,46.39,31.12,70.83,45.97,31.12,17.5,7.63,31.12,41.67,29.7,31.12,42.5,64.18,31.12,15.83,6.12,31.12
371,88.89,97.18,28.77,0.0,0.28,28.77,11.11,2.54,28.77,8.33,11.3,28.77,22.22,15.54,28.77,69.44,73.16,28.77,66.67,89.83,28.77,25.0,8.76,28.77,8.33,1.41,28.77,25.0,15.82,28.77,66.67,80.23,28.77,8.33,3.95,28.77,19.44,25.42,28.77,63.89,62.71,28.77,16.67,11.86,28.77,41.67,37.57,28.77,11.11,29.38,28.77,47.22,33.05,28.77
372,95.08,98.52,40.33,1.64,0.66,40.33,3.28,0.82,40.33,10.66,9.4,40.33,11.48,15.09,40.33,77.87,75.52,40.33,92.62,98.43,40.33,5.74,1.24,40.33,1.64,0.33,40.33,26.23,28.94,40.33,66.39,67.27,40.33,7.38,3.79,40.33,30.33,57.96,40.33,51.64,35.86,40.33,18.03,6.18,40.33,25.41,27.54,40.33,24.59,55.81,40.33,50.0,16.65,40.33
373,100.0,98.88,34.03,0.0,0.0,34.03,0.0,1.12,34.03,5.56,3.09,34.03,5.56,8.56,34.03,88.89,88.36,34.03,100.0,99.58,34.03,0.0,0.28,34.03,0.0,0.14,34.03,26.39,23.7,34.03,73.61,74.89,34.03,0.0,1.4,34.03,59.72,63.67,34.03,38.89,30.58,34.03,1.39,5.75,34.03,51.39,37.73,34.03,34.72,54.42,34.03,13.89,7.85,34.03
374,94.71,98.59,43.2,0.0,0.18,43.2,5.29,1.24,43.2,10.0,7.77,43.2,18.82,12.72,43.2,71.18,79.51,43.2,90.0,97.64,43.2,7.06,1.65,43.2,2.94,0.71,43.2,26.47,30.45,43.2,67.65,67.43,43.2,5.88,2.12,43.2,44.12,67.49,43.2,41.76,27.86,43.2,14.12,4.65,43.2,35.29,51.3,43.2,17.65,33.39,43.2,47.06,15.31,43.2
375,90.34,95.64,41.24,0.48,1.6,41.24,9.18,2.76,41.24,9.18,9.65,41.24,23.19,15.75,41.24,67.63,74.6,41.24,83.09,83.18,41.24,11.11,15.66,41.24,5.8,1.16,41.24,40.58,29.52,41.24,52.66,68.59,41.24,6.76,1.89,41.24,50.24,70.67,41.24,36.23,23.07,41.24,13.53,6.25,41.24,38.65,52.11,41.24,14.01,37.52,41.24,47.34,10.37,41.24
376,84.1,90.08,46.81,11.05,5.93,46.81,4.85,3.99,46.81,9.16,8.01,46.81,17.52,14.96,46.81,73.32,77.03,46.81,87.33,87.19,46.81,12.67,12.43,46.81,0.0,0.38,46.81,51.21,47.24,46.81,47.98,50.8,46.81,0.81,1.97,46.81,70.35,75.01,46.81,25.88,21.87,46.81,3.77,3.13,46.81,52.02,49.88,46.81,27.49,39.01,46.81,20.49,11.11,46.81
377,88.68,86.02,46.41,2.26,9.55,46.41,9.06,4.43,46.41,15.85,9.24,46.41,23.4,26.14,46.41,60.75,64.62,46.41,53.21,39.02,46.41,40.75,60.08,46.41,6.04,0.91,46.41,2.64,3.79,46.41,90.94,91.17,46.41,6.42,5.04,46.41,12.08,15.68,46.41,50.57,56.06,46.41,37.36,28.26,46.41,58.49,70.15,46.41,8.3,21.06,46.41,33.21,8.79,46.41
378,95.97,97.08,35.52,1.61,1.46,35.52,2.42,1.46,35.52,8.87,8.67,35.52,31.45,26.42,35.52,59.68,64.91,35.52,4.84,6.24,35.52,92.74,93.44,35.52,2.42,0.32,35.52,0.81,1.54,35.52,98.39,97.16,35.52,0.81,1.3,35.52,16.94,22.2,35.52,59.68,57.46,35.52,23.39,20.34,35.52,85.48,94.65,35.52,4.84,2.43,35.52,9.68,2.92,35.52
379,90.85,96.46,29.0,2.82,0.78,29.0,6.34,2.76,29.0,16.2,12.38,29.0,51.41,37.55,29.0,32.39,50.07,29.0,23.94,13.37,29.0,71.13,85.86,29.0,4.93,0.78,29.0,4.93,2.97,29.0,86.62,94.34,29.0,8.45,2.69,29.0,6.34,20.16,29.0,65.49,60.75,29.0,28.17,19.09,29.0,84.51,87.55,29.0,2.11,6.79,29.0,13.38,5.66,29.0
380,89.43,91.84,33.63,3.25,0.98,33.63,7.32,7.18,33.63,22.76,13.78,33.63,53.66,40.29,33.63,23.58,45.92,33.63,44.72,32.95,33.63,52.03,66.39,33.63,3.25,0.65,33.63,0.0,2.12,33.63,98.37,92.66,33.63,1.63,5.22,33.63,1.63,12.89,33.63,69.11,69.98,33.63,29.27,17.13,33.63,72.36,84.18,33.63,4.07,5.3,33.63,23.58,10.52,33.63
381,97.86,92.72,39.11,0.0,1.02,39.11,2.14,6.27,39.11,10.7,11.68,39.11,35.83,40.22,39.11,53.48,48.1,39.11,77.01,55.28,39.11,20.86,43.87,39.11,2.14,0.86,39.11,44.92,25.5,39.11,47.59,69.74,39.11,7.49,4.77,39.11,17.11,16.01,39.11,57.75,66.52,39.11,25.13,17.46,39.11,62.57,73.81,39.11,8.02,6.7,39.11,29.41,19.5,39.11
382,92.86,93.63,27.35,1.3,1.69,27.35,5.84,4.68,27.35,3.9,5.66,27.35,31.17,31.6,27.35,64.94,62.74,27.35,37.66,29.13,27.35,59.74,70.09,27.35,2.6,0.78,27.35,36.36,32.12,27.35,59.74,66.12,27.35,3.9,1.76,27.35,25.97,24.51,27.35,58.44,62.81,27.35,15.58,12.68,27.35,66.88,82.96,27.35,3.25,2.54,27.35,29.87,14.5,27.35
383,90.65,93.73,29.06,0.0,2.06,29.06,9.35,4.21,29.06,14.02,5.14,29.06,34.58,21.33,29.06,51.4,73.53,29.06,74.77,89.06,29.06,20.56,9.45,29.06,4.67,1.5,29.06,55.14,65.67,29.06,39.25,31.9,29.06,5.61,2.43,29.06,19.63,39.66,29.06,56.07,48.64,29.06,24.3,11.69,29.06,45.79,67.73,29.06,6.54,9.54,29.06,47.66,22.73,29.06
384,88.62,92.03,44.25,0.6,2.04,44.25,10.78,5.94,44.25,19.16,9.59,44.25,31.14,17.63,44.25,49.7,72.78,44.25,58.08,88.19,44.25,35.33,9.35,44.25,6.59,2.46,44.25,55.09,46.4,44.25,34.73,49.04,44.25,10.18,4.56,44.25,24.55,48.5,44.25,46.11,34.29,44.25,29.34,17.21,44.25,45.51,50.0,44.25,8.98,30.4,44.25,45.51,19.6,44.25
385,96.15,95.43,52.48,0.0,1.22,52.48,3.85,3.34,52.48,5.77,10.42,52.48,21.15,17.36,52.48,73.08,72.22,52.48,79.49,90.55,52.48,20.51,9.2,52.48,0.0,0.26,52.48,24.36,41.16,52.48,62.18,51.06,52.48,13.46,7.78,52.48,9.62,28.04,52.48,57.69,39.94,52.48,32.69,32.03,52.48,85.26,69.39,52.48,5.77,20.96,52.48,8.97,9.65,52.48
386,91.24,94.13,29.32,0.73,1.17,29.32,8.03,4.7,29.32,16.79,9.68,29.32,37.96,31.77,29.32,45.26,58.55,29.32,72.26,67.28,29.32,24.82,30.96,29.32,2.92,1.76,29.32,40.88,48.13,29.32,51.09,45.41,29.32,8.03,6.46,29.32,0.73,13.43,29.32,42.34,59.79,29.32,56.93,26.78,29.32,50.36,66.1,29.32,1.46,6.31,29.32,48.18,27.59,29.32
387,92.5,95.67,34.02,0.62,0.82,34.02,6.88,3.52,34.02,11.88,7.29,34.02,42.5,25.5,34.02,45.62,67.21,34.02,33.75,28.64,34.02,64.38,70.54,34.02,1.88,0.82,34.02,8.75,14.07,34.02,90.62,82.41,34.02,0.62,3.52,34.02,5.0,18.03,34.02,61.88,65.77,34.02,33.12,16.21,34.02,70.0,80.4,34.02,7.5,7.98,34.02,22.5,11.62,34.02
388,81.47,91.71,47.01,1.93,1.98,47.01,16.6,6.32,47.01,18.15,10.46,47.01,40.93,27.28,47.01,40.93,62.26,47.01,73.75,87.95,47.01,17.37,10.23,47.01,8.88,1.82,47.01,33.98,35.65,47.01,36.29,53.2,47.01,29.73,11.16,47.01,6.18,30.57,47.01,74.52,57.23,47.01,19.31,12.2,47.01,59.85,54.44,47.01,6.56,32.2,47.01,33.59,13.37,47.01
389,93.06,88.31,68.23,2.08,4.11,68.23,4.86,7.59,68.23,13.19,15.45,68.23,27.08,12.6,68.23,59.72,71.96,68.23,97.22,99.37,68.23,0.0,0.14,68.23,2.78,0.49,68.23,48.61,58.87,68.23,36.81,29.16,68.23,14.58,11.97,68.23,24.31,38.83,68.23,50.0,36.26,68.23,25.69,24.91,68.23,31.94,24.63,68.23,58.33,71.47,68.23,9.72,3.9,68.23
390,99.58,98.57,64.73,0.0,0.59,64.73,0.42,0.84,64.73,21.43,13.72,64.73,18.49,13.72,64.73,60.08,72.56,64.73,99.58,99.79,64.73,0.0,0.17,64.73,0.42,0.04,64.73,82.35,81.99,64.73,17.23,17.89,64.73,0.42,0.13,64.73,83.19,93.01,64.73,16.39,6.02,64.73,0.42,0.97,64.73,51.26,40.36,64.73,39.5,52.95,64.73,9.24,6.69,64.73
391,98.18,95.97,48.93,0.91,2.2,48.93,0.91,1.83,48.93,8.18,13.02,48.93,13.64,8.43,48.93,78.18,78.55,48.93,76.36,95.23,48.93,23.64,4.77,48.93,0.0,0.0,48.93,14.55,20.99,48.93,83.64,78.55,48.93,1.82,0.46,48.93,68.18,89.18,48.93,28.18,9.35,48.93,3.64,1.47,48.93,39.09,34.65,48.93,50.0,59.3,48.93,10.91,6.05,48.93
392,97.65,98.46,27.08,1.18,0.59,27.08,1.18,0.95,27.08,7.06,5.44,27.08,7.06,13.83,27.08,85.88,80.73,27.08,88.24,92.2,27.08,11.76,7.8,27.08,0.0,0.0,27.08,11.76,10.28,27.08,85.88,87.94,27.08,2.35,1.77,27.08,51.76,66.9,27.08,40.0,29.31,27.08,8.24,3.78,27.08,48.24,48.35,27.08,31.76,43.26,27.08,20.0,8.39,27.08
393,97.73,95.33,40.5,0.0,2.11,40.5,2.27,2.56,40.5,7.39,9.52,40.5,19.32,19.49,40.5,73.3,71.0,40.5,98.3,96.81,40.5,1.7,3.19,40.5,0.0,0.0,40.5,10.23,9.57,40.5,85.23,87.07,40.5,4.55,3.36,40.5,52.84,73.16,40.5,44.89,25.3,40.5,2.27,1.54,40.5,60.23,58.4,40.5,15.91,33.85,40.5,23.86,7.75,40.5
394,89.55,94.73,41.36,4.48,3.46,41.36,5.97,1.81,41.36,17.91,11.9,41.36,25.37,14.61,41.36,56.72,73.49,41.36,92.54,98.34,41.36,1.49,1.05,41.36,5.97,0.6,41.36,10.45,16.11,41.36,85.07,80.72,41.36,4.48,3.16,41.36,37.31,66.72,41.36,47.76,28.01,41.36,14.93,5.27,41.36,50.75,35.69,41.36,28.36,59.94,41.36,20.9,4.37,41.36
395,98.05,96.33,56.71,0.0,0.93,56.71,1.95,2.74,56.71,12.2,8.67,56.71,24.39,14.35,56.71,63.41,76.98,56.71,98.54,98.09,56.71,0.49,1.76,56.71,0.98,0.15,56.71,10.73,17.73,56.71,85.85,79.73,56.71,3.41,2.55,56.71,60.0,80.22,56.71,34.15,14.89,56.71,5.85,4.9,56.71,43.9,47.5,56.71,33.66,46.08,56.71,22.44,6.42,56.71
396,97.25,98.16,63.93,0.0,0.65,63.93,2.75,1.2,63.93,11.01,10.69,63.93,15.6,10.41,63.93,73.39,78.89,63.93,98.17,99.26,63.93,0.46,0.37,63.93,1.38,0.37,63.93,17.89,21.8,63.93,76.61,74.19,63.93,5.5,4.01,63.93,77.52,88.94,63.93,18.35,9.26,63.93,4.13,1.8,63.93,33.49,36.04,63.93,58.72,60.14,63.93,7.8,3.82,63.93
397,98.73,98.34,51.71,1.27,1.02,51.71,0.0,0.64,51.71,13.92,13.3,51.71,13.92,23.66,51.71,72.15,63.04,51.71,89.87,92.97,51.71,10.13,7.03,51.71,0.0,0.0,51.71,8.86,8.06,51.71,89.87,90.54,51.71,1.27,1.41,51.71,84.81,93.86,51.71,12.66,5.75,51.71,2.53,0.38,51.71,43.04,36.83,51.71,44.3,59.46,51.71,12.66,3.71,51.71
398,96.79,97.8,56.34,0.53,0.59,56.34,2.67,1.61,56.34,15.51,16.1,56.34,24.06,18.2,56.34,60.43,65.7,56.34,97.33,98.07,56.34,1.6,1.34,56.34,1.07,0.59,56.34,13.37,28.4,56.34,78.07,66.99,56.34,8.56,4.62,56.34,71.66,86.9,56.34,25.67,9.29,56.34,2.67,3.81,56.34,23.53,20.88,56.34,54.55,73.16,56.34,21.93,5.96,56.34
399,98.73,97.95,67.49,0.0,0.77,67.49,1.27,1.28,67.49,2.53,12.8,67.49,17.72,14.85,67.49,79.75,72.34,67.49,97.47,99.62,67.49,2.53,0.38,67.49,0.0,0.0,67.49,29.11,30.6,67.49,68.35,67.99,67.49,2.53,1.41,67.49,89.87,91.29,67.49,7.59,7.43,67.49,2.53,1.28,67.49,22.78,18.82,67.49,74.68,79.0,67.49,2.53,2.18,67.49
468,46.07,59.1,62.54,5.62,7.01,62.54,48.31,33.9,62.54,78.65,70.17,62.54,11.24,18.31,62.54,10.11,11.53,62.54,73.03,87.01,62.54,5.62,3.73,62.54,21.35,9.27,62.54,13.48,12.2,62.54,5.62,5.2,62.54,80.9,82.6,62.54,3.37,3.62,62.54,7.87,10.96,62.54,88.76,85.42,62.54,42.7,53.56,62.54,5.62,18.87,62.54,51.69,27.57,62.54
469,75.2,90.27,45.89,3.2,2.17,45.89,21.6,7.56,45.89,54.4,42.04,45.89,36.0,39.95,45.89,9.6,18.01,45.89,83.2,90.35,45.89,2.4,6.35,45.89,14.4,3.3,45.89,4.8,10.13,45.89,28.0,34.97,45.89,67.2,54.9,45.89,10.4,7.64,45.89,28.0,43.73,45.89,61.6,48.63,45.89,51.2,48.23,45.89,24.8,42.6,45.89,24.0,9.16,45.89
470,65.38,69.69,36.34,3.85,8.11,36.34,30.77,22.2,36.34,50.0,42.28,36.34,34.62,44.59,36.34,15.38,13.13,36.34,67.31,83.59,36.34,5.77,5.6,36.34,26.92,10.81,36.34,3.85,7.53,36.34,5.77,5.79,36.34,90.38,86.68,36.34,1.92,1.54,36.34,9.62,22.97,36.34,88.46,75.48,36.34,53.85,49.03,36.34,26.92,44.98,36.34,19.23,5.98,36.34
471,47.54,56.15,27.34,0.0,3.65,27.34,52.46,40.2,27.34,55.74,53.16,27.34,39.34,39.37,27.34,4.92,7.48,27.34,59.02,53.65,27.34,3.28,8.8,27.34,37.7,37.54,27.34,0.0,1.99,27.34,11.48,6.31,27.34,88.52,91.69,27.34,0.0,0.17,27.34,4.92,4.98,27.34,95.08,94.85,27.34,77.05,56.64,27.34,6.56,27.91,27.34,16.39,15.45,27.34
472,54.35,71.39,35.49,8.7,5.66,35.49,36.96,22.95,35.49,46.38,44.3,35.49,41.3,35.44,35.49,12.32,20.26,35.49,48.55,64.42,35.49,23.19,20.33,35.49,28.26,15.25,35.49,4.35,9.95,35.49,11.59,35.95,35.49,84.06,54.1,35.49,0.0,0.44,35.49,2.17,4.36,35.49,97.83,95.21,35.49,39.13,39.14,35.49,40.58,49.75,35.49,20.29,11.11,35.49
473,37.04,47.94,22.22,0.0,1.87,22.22,62.96,50.19,22.22,51.85,43.82,22.22,48.15,50.19,22.22,0.0,5.99,22.22,51.85,55.43,22.22,0.0,6.74,22.22,48.15,37.83,22.22,0.0,0.0,22.22,3.7,6.37,22.22,96.3,93.63,22.22,0.0,0.0,22.22,0.0,1.12,22.22,100.0,98.88,22.22,51.85,60.67,22.22,7.41,21.72,22.22,40.74,17.6,22.22
474,50.0,66.47,33.51,5.77,5.46,33.51,44.23,28.07,33.51,40.38,41.52,33.51,51.92,45.22,33.51,7.69,13.26,33.51,71.15,78.56,33.51,19.23,16.57,33.51,9.62,4.87,33.51,5.77,14.81,33.51,7.69,8.58,33.51,86.54,76.61,33.51,0.0,0.0,33.51,1.92,2.53,33.51,98.08,97.47,33.51,63.46,64.33,33.51,25.0,28.46,33.51,11.54,7.21,33.51
475,90.77,91.06,43.91,1.54,1.69,43.91,7.69,7.24,43.91,52.31,48.84,43.91,36.92,37.6,43.91,10.77,13.56,43.91,81.54,71.96,43.91,10.77,21.26,43.91,7.69,6.78,43.91,27.69,26.5,43.91,24.62,13.41,43.91,47.69,60.09,43.91,1.54,2.0,43.91,15.38,15.41,43.91,83.08,82.59,43.91,44.62,48.23,43.91,40.0,47.46,43.91,15.38,4.31,43.91
476,45.35,52.1,29.31,3.49,9.0,29.31,51.16,38.9,29.31,74.42,66.0,29.31,20.93,30.26,29.31,4.65,3.74,29.31,33.72,30.84,29.31,51.16,56.31,29.31,15.12,12.85,29.31,4.65,7.13,29.31,8.14,13.55,29.31,87.21,79.32,29.31,0.0,0.12,29.31,3.49,3.74,29.31,96.51,96.14,29.31,47.67,46.26,29.31,23.26,44.51,29.31,29.07,9.23,29.31
477,80.0,72.44,31.11,1.43,5.92,31.11,18.57,21.65,31.11,57.14,59.88,31.11,38.57,31.46,31.11,4.29,8.66,31.11,51.43,55.41,31.11,35.71,38.53,31.11,12.86,6.06,31.11,22.86,22.22,31.11,12.86,18.18,31.11,64.29,59.6,31.11,1.43,3.17,31.11,15.71,10.53,31.11,82.86,86.29,31.11,44.29,45.74,31.11,32.86,44.73,31.11,22.86,9.52,31.11
478,78.95,70.88,29.29,0.0,18.13,29.29,21.05,10.99,29.29,47.37,49.45,29.29,10.53,31.32,29.29,42.11,19.23,29.29,84.21,83.52,29.29,5.26,13.74,29.29,10.53,2.75,29.29,52.63,41.21,29.29,15.79,12.64,29.29,31.58,46.15,29.29,0.0,0.0,29.29,10.53,6.04,29.29,89.47,93.96,29.29,15.79,42.86,29.29,21.05,37.36,29.29,63.16,19.78,29.29
479,67.03,50.55,46.7,10.99,19.09,46.7,21.98,30.35,46.7,57.14,55.08,46.7,38.46,33.0,46.7,4.4,11.92,46.7,83.52,71.41,46.7,6.59,17.0,46.7,9.89,11.59,46.7,23.08,21.63,46.7,15.38,15.67,46.7,61.54,62.69,46.7,0.0,1.43,46.7,1.1,3.42,46.7,98.9,95.14,46.7,58.24,39.85,46.7,32.97,52.21,46.7,8.79,7.95,46.7
480,50.0,35.33,42.66,1.61,17.18,42.66,48.39,47.49,42.66,61.29,67.42,42.66,30.65,26.09,42.66,8.06,6.48,42.66,59.68,49.92,42.66,29.03,37.44,42.66,11.29,12.64,42.66,11.29,7.78,42.66,40.32,27.23,42.66,48.39,64.99,42.66,0.0,0.0,42.66,8.06,4.38,42.66,91.94,95.62,42.66,45.16,44.89,42.66,48.39,53.16,42.66,6.45,1.94,42.66
481,65.43,68.62,27.52,4.94,2.37,27.52,29.63,29.02,27.52,66.67,58.9,27.52,23.46,32.13,27.52,9.88,8.97,27.52,72.84,65.38,27.52,17.28,26.03,27.52,9.88,8.59,27.52,16.05,14.94,27.52,20.99,19.05,27.52,62.96,66.0,27.52,1.23,0.37,27.52,2.47,7.85,27.52,96.3,91.78,27.52,44.44,50.93,27.52,29.63,37.11,27.52,25.93,11.96,27.52
482,44.44,61.43,17.6,2.78,6.0,17.6,52.78,32.57,17.6,44.44,35.14,17.6,50.0,57.14,17.6,5.56,7.71,17.6,61.11,79.14,17.6,0.0,5.14,17.6,38.89,15.71,17.6,0.0,5.43,17.6,2.78,7.14,17.6,97.22,87.43,17.6,0.0,0.0,17.6,2.78,5.43,17.6,97.22,94.57,17.6,66.67,62.86,17.6,19.44,33.43,17.6,13.89,3.71,17.6
483,75.81,85.25,23.77,3.23,2.59,23.77,20.97,12.16,23.77,41.94,34.04,23.77,53.23,54.29,23.77,4.84,11.67,23.77,82.26,82.66,23.77,8.06,12.48,23.77,9.68,4.86,23.77,3.23,4.86,23.77,22.58,27.88,23.77,74.19,67.26,23.77,0.0,0.65,23.77,17.74,24.8,23.77,82.26,74.55,23.77,70.97,61.43,23.77,22.58,33.87,23.77,6.45,4.7,23.77
484,70.25,83.92,37.56,11.57,5.5,37.56,18.18,10.58,37.56,48.76,28.08,37.56,33.06,40.17,37.56,18.18,31.75,37.56,71.9,88.83,37.56,5.79,5.33,37.56,22.31,5.83,37.56,26.45,28.25,37.56,45.45,53.5,37.56,28.1,18.25,37.56,0.0,0.58,37.56,5.79,6.08,37.56,94.21,93.33,37.56,44.63,36.25,37.56,37.19,59.17,37.56,18.18,4.58,37.56
485,97.14,97.4,31.12,0.0,0.72,31.12,2.86,1.88,31.12,15.71,17.6,31.12,48.57,36.94,31.12,35.71,45.45,31.12,91.43,91.05,31.12,5.71,7.94,31.12,2.86,1.01,31.12,64.29,56.85,31.12,32.86,41.13,31.12,2.86,2.02,31.12,4.29,5.05,31.12,51.43,38.1,31.12,44.29,56.85,31.12,38.57,26.41,31.12,54.29,71.43,31.12,7.14,2.16,31.12
486,59.87,79.04,40.23,3.82,3.4,40.23,36.31,17.56,40.23,37.58,31.99,40.23,48.41,39.42,40.23,14.01,28.59,40.23,67.52,77.95,40.23,10.19,15.19,40.23,22.29,6.86,40.23,0.64,7.12,40.23,21.02,47.37,40.23,78.34,45.51,40.23,1.27,2.31,40.23,3.18,15.51,40.23,95.54,82.18,40.23,55.41,33.53,40.23,29.3,62.82,40.23,15.29,3.65,40.23
487,83.93,90.7,36.04,3.57,3.76,36.04,12.5,5.55,36.04,42.86,42.75,36.04,16.07,26.3,36.04,41.07,30.95,36.04,85.71,87.3,36.04,1.79,10.55,36.04,12.5,2.15,36.04,1.79,5.19,36.04,50.0,68.69,36.04,48.21,26.12,36.04,0.0,2.15,36.04,10.71,12.16,36.04,89.29,85.69,36.04,53.57,26.48,36.04,35.71,71.2,36.04,10.71,2.33,36.04
488,43.28,57.4,29.24,2.99,5.98,29.24,53.73,36.62,29.24,55.22,48.28,29.24,32.84,34.08,29.24,11.94,17.64,29.24,52.24,76.98,29.24,17.91,12.71,29.24,29.85,10.31,29.24,1.49,7.47,29.24,11.94,23.02,29.24,86.57,69.51,29.24,0.0,0.6,29.24,10.45,9.72,29.24,89.55,89.69,29.24,49.25,45.59,29.24,10.45,44.25,29.24,40.3,10.16,29.24
489,87.5,74.6,40.01,3.12,11.9,40.01,9.38,13.5,40.01,65.62,56.59,40.01,9.38,20.26,40.01,25.0,23.15,40.01,100.0,99.36,40.01,0.0,0.0,40.01,0.0,0.64,40.01,31.25,33.76,40.01,50.0,47.91,40.01,18.75,18.33,40.01,25.0,16.08,40.01,53.12,43.09,40.01,21.88,40.84,40.01,9.38,7.07,40.01,90.62,91.32,40.01,0.0,1.61,40.01
490,48.72,50.13,36.86,0.0,3.12,36.86,51.28,46.75,36.86,64.1,53.51,36.86,25.64,40.0,36.86,10.26,6.49,36.86,53.85,74.29,36.86,0.0,1.3,36.86,46.15,24.42,36.86,7.69,5.97,36.86,33.33,49.35,36.86,58.97,44.68,36.86,0.0,0.26,36.86,2.56,7.53,36.86,97.44,92.21,36.86,28.21,33.51,36.86,30.77,49.09,36.86,41.03,17.4,36.86
491,52.08,79.15,39.85,0.0,0.85,39.85,47.92,20.0,39.85,62.5,47.45,39.85,35.42,38.51,39.85,2.08,14.04,39.85,39.58,81.7,39.85,4.17,0.85,39.85,56.25,17.45,39.85,4.17,26.6,39.85,81.25,63.62,39.85,14.58,9.79,39.85,0.0,3.19,39.85,4.17,12.77,39.85,95.83,84.04,39.85,2.08,30.85,39.85,6.25,37.45,39.85,91.67,31.7,39.85
492,22.22,49.65,30.27,6.94,7.27,30.27,70.83,43.08,30.27,61.11,59.86,30.27,34.72,32.87,30.27,4.17,7.27,30.27,33.33,57.48,30.27,8.33,5.73,30.27,58.33,36.78,30.27,4.17,3.22,30.27,12.5,39.86,30.27,83.33,56.92,30.27,0.0,0.42,30.27,13.89,13.57,30.27,86.11,86.01,30.27,25.0,20.7,30.27,41.67,64.06,30.27,33.33,15.24,30.27
493,78.26,84.33,44.62,2.17,3.53,44.62,19.57,12.14,44.62,56.52,54.3,44.62,30.43,28.26,44.62,13.04,17.44,44.62,76.09,90.95,44.62,2.17,5.08,44.62,21.74,3.97,44.62,2.17,4.64,44.62,82.61,83.44,44.62,15.22,11.92,44.62,0.0,2.21,44.62,6.52,25.39,44.62,93.48,72.41,44.62,15.22,8.61,44.62,69.57,88.08,44.62,15.22,3.31,44.62
497,80.39,84.15,44.7,3.92,11.02,44.7,15.69,4.82,44.7,34.31,28.15,44.7,39.22,32.97,44.7,26.47,38.88,44.7,68.63,85.43,44.7,17.65,11.91,44.7,13.73,2.66,44.7,1.96,23.23,44.7,34.31,33.96,44.7,63.73,42.81,44.7,17.65,19.29,44.7,35.29,37.11,44.7,47.06,43.6,44.7,12.75,11.91,44.7,76.47,85.93,44.7,10.78,2.17,44.7
498,81.94,91.89,45.81,1.39,4.48,45.81,16.67,3.64,45.81,48.61,41.54,45.81,34.72,40.56,45.81,16.67,17.9,45.81,68.06,85.17,45.81,5.56,6.43,45.81,26.39,8.39,45.81,1.39,6.01,45.81,4.17,9.09,45.81,94.44,84.9,45.81,0.0,6.15,45.81,19.44,40.7,45.81,80.56,53.15,45.81,23.61,10.77,45.81,62.5,86.57,45.81,13.89,2.66,45.81
499,79.38,90.52,38.91,3.12,4.4,38.91,17.5,5.09,38.91,45.0,34.61,38.91,45.62,48.56,38.91,9.38,16.83,38.91,56.88,74.56,38.91,9.38,11.81,38.91,33.75,13.63,38.91,6.88,5.72,38.91,5.0,4.33,38.91,88.12,89.95,38.91,2.5,3.77,38.91,28.12,34.61,38.91,69.38,61.62,38.91,26.25,12.44,38.91,65.62,85.99,38.91,8.12,1.57,38.91
500,75.0,82.33,39.41,9.56,13.92,39.41,15.44,3.76,39.41,31.62,21.5,39.41,51.47,50.37,39.41,16.91,28.13,39.41,70.59,83.65,39.41,14.71,14.29,39.41,14.71,2.06,39.41,28.68,27.91,39.41,22.06,20.47,39.41,49.26,51.62,39.41,0.0,4.57,39.41,31.62,37.92,39.41,68.38,57.51,39.41,14.71,8.25,39.41,75.0,90.28,39.41,10.29,1.47,39.41
501,58.33,78.47,32.22,5.77,10.86,32.22,35.9,10.67,32.22,46.15,15.68,32.22,32.69,50.9,32.22,21.15,33.42,32.22,48.08,66.77,32.22,19.87,29.88,32.22,32.05,3.34,32.22,10.26,3.73,32.22,59.62,22.49,32.22,30.13,73.78,32.22,1.28,1.29,32.22,25.64,24.29,32.22,73.08,74.42,32.22,9.62,16.26,32.22,58.33,80.21,32.22,32.05,3.53,32.22
502,60.32,77.42,27.32,19.05,16.06,27.32,20.63,6.52,27.32,46.03,22.73,27.32,36.51,49.76,27.32,17.46,27.5,27.32,66.67,88.08,27.32,12.7,8.59,27.32,20.63,3.34,27.32,36.51,44.83,27.32,34.92,16.38,27.32,28.57,38.79,27.32,0.0,2.07,27.32,19.05,31.48,27.32,80.95,66.45,27.32,22.22,12.4,27.32,65.08,86.17,27.32,12.7,1.43,27.32
503,70.54,66.75,60.1,6.37,12.97,60.1,23.09,20.28,60.1,20.38,24.01,60.1,36.94,40.62,60.1,42.68,35.38,60.1,68.95,73.63,60.1,20.38,19.98,60.1,10.67,6.38,60.1,22.29,16.33,60.1,25.48,19.19,60.1,52.23,64.49,60.1,21.5,14.55,60.1,15.13,17.82,60.1,63.38,67.63,60.1,18.63,19.85,60.1,70.86,73.97,60.1,10.51,6.18,60.1
504,54.0,62.87,33.83,5.0,18.16,33.83,41.0,18.97,33.83,44.0,22.4,33.83,29.0,44.4,33.83,27.0,33.2,33.83,43.0,80.83,33.83,20.0,10.6,33.83,37.0,8.58,33.83,35.0,22.81,33.83,9.0,20.18,33.83,56.0,57.01,33.83,2.0,2.83,33.83,10.0,14.83,33.83,88.0,82.34,33.83,15.0,9.28,33.83,46.0,84.86,33.83,39.0,5.85,33.83
505,48.84,61.11,40.25,11.63,13.39,40.25,39.53,25.5,40.25,33.72,30.88,40.25,45.35,43.86,40.25,20.93,25.26,40.25,63.37,84.15,40.25,2.91,1.46,40.25,33.72,14.39,40.25,19.77,19.65,40.25,10.47,18.3,40.25,69.77,62.05,40.25,2.91,2.98,40.25,13.95,21.64,40.25,83.14,75.38,40.25,15.7,12.11,40.25,55.23,76.55,40.25,29.07,11.35,40.25
506,25.93,36.77,32.31,37.04,42.48,32.31,37.04,20.75,32.31,43.21,26.96,32.31,33.33,44.47,32.31,23.46,28.57,32.31,80.25,95.16,32.31,0.0,0.37,32.31,19.75,4.47,32.31,34.57,28.7,32.31,35.8,46.83,32.31,29.63,24.47,32.31,1.23,0.75,32.31,11.11,29.07,32.31,87.65,70.19,32.31,28.4,21.37,32.31,43.21,69.69,32.31,28.4,8.94,32.31
507,58.24,49.34,51.28,26.37,36.56,51.28,15.38,14.1,51.28,34.07,38.99,51.28,48.35,38.0,51.28,17.58,23.02,51.28,96.7,98.68,51.28,0.0,0.0,51.28,3.3,1.32,51.28,52.75,44.27,51.28,36.26,48.57,51.28,10.99,7.16,51.28,0.0,1.98,51.28,13.19,21.26,51.28,86.81,76.76,51.28,27.47,27.42,51.28,40.66,65.31,51.28,31.87,7.27,51.28
508,92.45,91.85,79.11,1.89,4.49,79.11,5.66,3.67,79.11,22.01,33.38,79.11,45.91,29.14,79.11,32.08,37.48,79.11,94.97,98.1,79.11,3.77,0.63,79.11,1.26,1.26,79.11,33.96,42.54,79.11,58.49,52.47,79.11,7.55,4.99,79.11,14.47,37.42,79.11,39.62,41.59,79.11,45.91,20.99,79.11,9.43,15.49,79.11,85.53,81.98,79.11,5.03,2.53,79.11
509,58.71,81.54,45.99,6.45,8.68,45.99,34.84,9.78,45.99,54.84,24.61,45.99,34.19,45.14,45.99,10.97,30.25,45.99,46.45,87.76,45.99,2.58,3.17,45.99,50.97,9.07,45.99,16.77,31.8,45.99,51.61,46.11,45.99,31.61,22.09,45.99,1.29,2.27,45.99,11.61,42.03,45.99,87.1,55.7,45.99,14.84,12.89,45.99,43.23,80.25,45.99,41.94,6.87,45.99
510,71.35,87.06,35.51,7.81,7.46,35.51,20.83,5.48,35.51,33.33,23.59,35.51,44.79,45.09,35.51,21.88,31.32,35.51,67.71,89.04,35.51,7.81,6.68,35.51,24.48,4.28,35.51,31.77,38.2,35.51,28.65,28.6,35.51,39.58,33.19,35.51,7.29,8.4,35.51,43.75,51.72,35.51,48.96,39.87,35.51,9.9,7.93,35.51,72.92,89.04,35.51,17.19,3.03,35.51
511,76.47,86.22,32.6,18.82,11.13,32.6,4.71,2.65,32.6,18.24,17.31,32.6,48.82,47.94,32.6,32.94,34.75,32.6,90.59,85.98,32.6,7.65,13.55,32.6,1.76,0.47,32.6,5.88,21.44,32.6,45.29,37.4,32.6,48.82,41.17,32.6,4.71,4.18,32.6,24.12,45.41,32.6,71.18,50.41,32.6,33.53,16.14,32.6,51.18,80.8,32.6,15.29,3.06,32.6
512,71.01,73.39,30.9,15.94,21.2,30.9,13.04,5.41,30.9,24.64,23.83,30.9,46.38,46.2,30.9,28.99,29.97,30.9,78.26,88.16,30.9,14.49,10.82,30.9,7.25,1.02,30.9,18.84,26.02,30.9,59.42,42.98,30.9,21.74,30.99,30.9,4.35,11.55,30.9,27.54,41.23,30.9,68.12,47.22,30.9,10.14,8.63,30.9,82.61,90.64,30.9,7.25,0.73,30.9
513,90.7,94.29,26.91,5.81,4.9,26.91,3.49,0.82,26.91,23.26,23.66,26.91,39.53,46.27,26.91,37.21,30.07,26.91,59.3,69.46,26.91,38.37,30.3,26.91,2.33,0.23,26.91,10.47,18.3,26.91,47.67,46.97,26.91,41.86,34.73,26.91,5.81,6.29,26.91,29.07,39.28,26.91,65.12,54.43,26.91,6.98,8.28,26.91,93.02,91.14,26.91,0.0,0.58,26.91
514,66.99,70.18,35.48,30.1,27.0,35.48,2.91,2.83,35.48,39.81,32.75,35.48,46.6,49.61,35.48,13.59,17.64,35.48,76.7,74.37,35.48,22.33,25.44,35.48,0.97,0.19,35.48,29.13,35.19,35.48,31.07,23.98,35.48,39.81,40.84,35.48,6.8,6.92,35.48,22.33,39.77,35.48,70.87,53.31,35.48,7.77,8.19,35.48,90.29,90.94,35.48,1.94,0.88,35.48
515,77.59,82.87,31.95,6.9,8.48,31.95,15.52,8.65,31.95,44.25,34.02,31.95,45.4,48.03,31.95,10.34,17.95,31.95,60.92,74.99,31.95,20.69,17.42,31.95,18.39,7.59,31.95,20.11,32.73,31.95,31.61,18.48,31.95,48.28,48.79,31.95,1.15,5.94,31.95,29.31,41.97,31.95,69.54,52.09,31.95,16.67,10.24,31.95,60.92,80.93,31.95,22.41,8.83,31.95
516,63.2,72.79,40.9,14.72,16.75,40.9,22.08,10.46,40.9,54.55,45.14,40.9,38.53,40.32,40.9,6.93,14.54,40.9,36.8,69.62,40.9,3.03,3.56,40.9,60.17,26.82,40.9,31.6,49.44,40.9,10.39,9.9,40.9,58.01,40.67,40.9,1.73,15.97,40.9,26.41,43.88,40.9,71.86,40.15,40.9,19.91,8.59,40.9,63.64,87.11,40.9,16.45,4.3,40.9
517,50.92,61.61,35.97,14.76,9.8,35.97,34.32,28.59,35.97,48.71,46.86,35.97,39.48,37.94,35.97,11.81,15.2,35.97,59.04,63.79,35.97,1.11,3.37,35.97,39.85,32.84,35.97,29.89,35.91,35.97,28.41,21.49,35.97,41.7,42.6,35.97,4.8,7.99,35.97,26.94,25.0,35.97,68.27,67.01,35.97,23.62,21.34,35.97,16.24,31.66,35.97,60.15,47.0,35.97
520,57.52,45.23,42.61,7.96,19.69,42.61,34.51,35.08,42.61,63.27,56.47,42.61,28.32,31.5,42.61,8.41,12.04,42.61,36.73,57.9,42.61,0.88,0.49,42.61,62.39,41.61,42.61,6.64,24.56,42.61,31.86,15.44,42.61,61.5,60.0,42.61,0.0,1.07,42.61,20.35,10.78,42.61,79.65,88.14,42.61,29.2,35.79,42.61,8.41,29.22,42.61,62.39,34.99,42.61
521,30.7,29.22,37.54,16.28,31.69,37.54,53.02,39.09,37.54,75.35,63.1,37.54,21.4,26.52,37.54,3.26,10.38,37.54,34.42,56.68,37.54,0.93,2.33,37.54,64.65,41.0,37.54,18.14,29.83,37.54,18.6,12.89,37.54,63.26,57.28,37.54,0.47,3.21,37.54,14.42,20.38,37.54,85.12,76.41,37.54,13.95,12.19,37.54,47.44,63.66,37.54,38.6,24.15,37.54
522,33.84,60.36,42.99,14.65,18.07,42.99,51.52,21.57,42.99,69.7,50.86,42.99,28.28,41.37,42.99,2.02,7.77,42.99,40.4,75.38,42.99,0.0,1.22,42.99,59.6,23.4,42.99,26.77,45.38,42.99,27.27,20.05,42.99,45.96,34.57,42.99,0.51,6.55,42.99,11.11,39.39,42.99,88.38,54.06,42.99,12.63,6.8,42.99,46.46,79.49,42.99,40.91,13.71,42.99
523,83.33,91.24,33.24,2.9,7.01,33.24,13.77,1.75,33.24,42.75,31.24,33.24,41.3,49.71,33.24,15.94,19.05,33.24,66.67,74.31,33.24,22.46,24.23,33.24,10.87,1.46,33.24,26.09,25.99,33.24,37.68,39.64,33.24,36.23,34.38,33.24,0.0,6.79,33.24,26.81,37.88,33.24,73.19,55.33,33.24,8.7,5.33,33.24,81.16,93.36,33.24,10.14,1.31,33.24
524,75.25,82.72,36.62,12.87,14.5,36.62,11.88,2.78,36.62,31.68,30.39,36.62,52.48,51.34,36.62,15.84,18.27,36.62,71.29,72.99,36.62,17.82,25.22,36.62,10.89,1.79,36.62,14.85,14.2,36.62,32.67,30.49,36.62,52.48,55.31,36.62,1.98,0.99,36.62,23.76,32.87,36.62,74.26,66.14,36.62,18.81,16.98,36.62,70.3,81.73,36.62,10.89,1.29,36.62
525,89.47,89.06,35.61,6.58,9.35,35.61,3.95,1.58,35.61,39.47,36.23,35.61,46.05,46.51,35.61,14.47,17.26,35.61,85.53,85.77,35.61,7.89,13.44,35.61,6.58,0.79,35.61,9.21,11.99,35.61,40.79,36.23,35.61,50.0,51.78,35.61,11.84,5.4,35.61,42.11,60.47,35.61,46.05,34.12,35.61,18.42,13.44,35.61,75.0,85.11,35.61,6.58,1.45,35.61
526,72.13,76.94,38.86,14.75,19.93,38.86,13.11,3.13,38.86,54.1,46.38,38.86,36.89,45.72,38.86,9.02,7.91,38.86,79.51,91.52,38.86,4.1,4.45,38.86,16.39,4.04,38.86,20.49,26.94,38.86,33.61,26.94,38.86,45.9,46.13,38.86,4.1,10.71,38.86,57.38,65.4,38.86,38.52,23.89,38.86,31.15,18.12,38.86,56.56,78.58,38.86,12.3,3.29,38.86
527,3.83,9.16,45.2,28.96,59.81,45.2,67.21,31.03,45.2,72.13,56.85,45.2,24.59,32.18,45.2,3.28,10.96,45.2,30.05,66.94,45.2,0.0,1.7,45.2,69.95,31.36,45.2,8.2,12.45,45.2,3.83,7.62,45.2,87.98,79.93,45.2,0.0,1.15,45.2,0.0,7.62,45.2,100.0,91.23,45.2,27.87,31.63,45.2,37.7,59.38,45.2,34.43,8.99,45.2
528,17.86,16.3,56.84,14.29,23.4,56.84,67.86,60.3,56.84,70.24,59.82,56.84,24.4,31.52,56.84,5.36,8.66,56.84,67.26,89.01,56.84,0.6,0.48,56.84,32.14,10.51,56.84,34.52,39.04,56.84,1.19,1.97,56.84,64.29,58.99,56.84,0.0,0.24,56.84,0.0,0.78,56.84,100.0,98.99,56.84,28.57,40.12,56.84,22.62,46.21,56.84,48.81,13.67,56.84
529,12.0,7.35,76.84,17.33,19.12,76.84,70.67,73.53,76.84,69.33,59.76,76.84,25.33,32.09,76.84,5.33,8.16,76.84,90.67,89.71,76.84,0.0,1.07,76.84,9.33,9.22,76.84,68.0,73.66,76.84,1.33,1.2,76.84,30.67,25.13,76.84,0.0,0.13,76.84,1.33,0.8,76.84,98.67,99.06,76.84,65.33,64.17,76.84,6.67,20.86,76.84,28.0,14.97,76.84
530,2.34,6.41,54.18,3.12,20.8,54.18,94.53,72.79,54.18,81.25,73.42,54.18,18.75,22.2,54.18,0.0,4.38,54.18,5.47,54.73,54.18,19.53,13.29,54.18,75.0,31.98,54.18,1.56,4.93,54.18,10.16,5.71,54.18,88.28,89.37,54.18,0.0,0.16,54.18,0.0,1.95,54.18,100.0,97.89,54.18,33.59,20.09,54.18,17.19,71.23,54.18,49.22,8.68,54.18
531,7.69,24.03,44.39,15.38,39.66,44.39,76.92,36.3,44.39,57.69,61.5,44.39,42.31,34.11,44.39,0.0,4.39,44.39,15.38,62.27,44.39,5.13,7.88,44.39,79.49,29.84,44.39,5.13,18.86,44.39,8.97,13.7,44.39,85.9,67.44,44.39,0.0,6.07,44.39,3.85,21.96,44.39,96.15,71.96,44.39,43.59,36.18,44.39,37.18,60.47,44.39,19.23,3.36,44.39
555,87.83,88.54,36.02,1.74,0.87,36.02,10.43,10.59,36.02,45.22,40.24,36.02,41.74,42.78,36.02,13.04,16.97,36.02,80.87,86.79,36.02,11.3,7.79,36.02,7.83,5.42,36.02,13.91,16.8,36.02,33.91,35.61,36.02,52.17,47.59,36.02,2.61,0.87,36.02,11.3,19.86,36.02,86.09,79.27,36.02,26.09,30.62,36.02,58.26,62.99,36.02,15.65,6.39,36.02
556,96.72,99.33,30.21,0.0,0.0,30.21,3.28,0.67,30.21,39.34,35.27,30.21,37.7,39.77,30.21,22.95,24.96,30.21,96.72,99.17,30.21,1.64,0.67,30.21,1.64,0.17,30.21,4.92,7.15,30.21,39.34,29.78,30.21,55.74,63.06,30.21,0.0,0.67,30.21,11.48,12.98,30.21,88.52,86.36,30.21,37.7,31.11,30.21,44.26,61.06,30.21,18.03,7.82,30.21
557,98.46,99.22,35.3,0.0,0.0,35.3,1.54,0.78,35.3,40.0,32.25,35.3,49.23,44.96,35.3,10.77,22.79,35.3,98.46,97.98,35.3,0.0,1.71,35.3,1.54,0.31,35.3,15.38,16.43,35.3,32.31,44.03,35.3,52.31,39.53,35.3,1.54,1.24,35.3,10.77,26.51,35.3,87.69,72.25,35.3,32.31,33.33,35.3,56.92,63.1,35.3,10.77,3.57,35.3
558,100.0,99.31,34.84,0.0,0.0,34.84,0.0,0.69,34.84,12.07,16.93,34.84,44.83,40.24,34.84,43.1,42.83,34.84,87.93,85.15,34.84,10.34,14.51,34.84,1.72,0.35,34.84,8.62,10.71,34.84,34.48,34.54,34.84,56.9,54.75,34.84,0.0,0.0,34.84,3.45,6.39,34.84,96.55,93.61,34.84,48.28,49.05,34.84,32.76,44.39,34.84,18.97,6.56,34.84
559,98.78,98.28,26.0,0.0,0.49,26.0,1.22,1.23,26.0,36.59,33.5,26.0,32.93,36.33,26.0,30.49,30.17,26.0,93.9,98.03,26.0,3.66,0.74,26.0,2.44,1.23,26.0,14.63,20.81,26.0,29.27,28.94,26.0,56.1,50.25,26.0,2.44,1.85,26.0,12.2,13.55,26.0,85.37,84.61,26.0,19.51,16.01,26.0,73.17,81.65,26.0,7.32,2.34,26.0
560,90.0,97.98,22.71,3.33,0.51,22.71,6.67,1.52,22.71,35.0,42.5,22.71,38.33,34.06,22.71,26.67,23.44,22.71,93.33,98.48,22.71,1.67,0.51,22.71,5.0,1.01,22.71,0.0,6.24,22.71,21.67,27.99,22.71,78.33,65.77,22.71,0.0,0.51,22.71,15.0,13.15,22.71,85.0,86.34,22.71,23.33,20.57,22.71,46.67,73.69,22.71,30.0,5.73,22.71
561,100.0,99.34,26.93,0.0,0.0,26.93,0.0,0.66,26.93,29.03,31.91,26.93,32.26,42.76,26.93,38.71,25.33,26.93,93.55,95.72,26.93,6.45,4.28,26.93,0.0,0.0,26.93,19.35,18.42,26.93,29.03,18.75,26.93,51.61,62.83,26.93,9.68,0.99,26.93,3.23,1.32,26.93,87.1,97.7,26.93,22.58,16.45,26.93,70.97,80.92,26.93,6.45,2.63,26.93
562,91.67,94.59,24.8,0.0,1.71,24.8,8.33,3.7,24.8,36.11,39.6,24.8,36.11,41.88,24.8,27.78,18.52,24.8,97.22,89.46,24.8,2.78,9.97,24.8,0.0,0.57,24.8,5.56,13.96,24.8,30.56,13.96,24.8,63.89,72.08,24.8,2.78,0.28,24.8,5.56,1.71,24.8,91.67,98.01,24.8,19.44,12.25,24.8,69.44,82.62,24.8,11.11,5.13,24.8
563,36.0,47.03,39.12,18.4,19.69,39.12,45.6,33.28,39.12,32.0,23.55,39.12,34.4,34.73,39.12,33.6,41.72,39.12,79.2,86.17,39.12,0.0,0.16,39.12,20.8,13.67,39.12,55.2,79.34,39.12,15.2,5.55,39.12,29.6,15.11,39.12,1.6,2.09,39.12,4.8,8.36,39.12,93.6,89.55,39.12,16.8,21.54,39.12,39.2,35.13,39.12,44.0,43.33,39.12
564,73.53,85.86,30.94,11.76,8.04,30.94,14.71,6.1,30.94,29.41,30.95,30.94,38.24,40.77,30.94,32.35,28.27,30.94,80.88,77.98,30.94,19.12,22.02,30.94,0.0,0.0,30.94,0.0,0.6,30.94,14.71,22.47,30.94,85.29,76.93,30.94,0.0,0.0,30.94,1.47,0.74,30.94,98.53,99.26,30.94,25.0,26.64,30.94,66.18,71.43,30.94,8.82,1.93,30.94
565,92.16,97.61,28.29,3.92,1.39,28.29,3.92,1.0,28.29,45.1,36.65,28.29,47.06,46.02,28.29,7.84,17.33,28.29,86.27,95.42,28.29,3.92,1.59,28.29,9.8,2.99,28.29,0.0,7.37,28.29,17.65,21.91,28.29,82.35,70.72,28.29,0.0,0.2,28.29,3.92,5.58,28.29,96.08,94.22,28.29,11.76,11.16,28.29,58.82,79.48,28.29,29.41,9.36,28.29
566,85.11,92.09,36.15,12.77,6.94,36.15,2.13,0.96,36.15,37.23,32.91,36.15,36.17,37.39,36.15,26.6,29.7,36.15,95.74,96.15,36.15,2.13,2.35,36.15,2.13,1.5,36.15,1.06,1.39,36.15,44.68,39.74,36.15,54.26,58.87,36.15,1.06,1.5,36.15,7.45,9.62,36.15,91.49,88.89,36.15,22.34,14.42,36.15,63.83,79.7,36.15,13.83,5.88,36.15
567,70.89,75.16,31.74,25.32,23.56,31.74,3.8,1.28,31.74,27.85,32.14,31.74,46.84,39.05,31.74,25.32,28.81,31.74,84.81,87.2,31.74,6.33,7.55,31.74,8.86,5.25,31.74,3.8,2.3,31.74,30.38,33.67,31.74,65.82,64.02,31.74,0.0,0.64,31.74,1.27,3.33,31.74,98.73,96.03,31.74,31.65,32.14,31.74,55.7,65.04,31.74,12.66,2.82,31.74
568,10.42,19.3,35.09,79.86,73.03,35.09,9.72,7.67,35.09,31.25,31.78,35.09,41.67,33.31,35.09,27.08,34.91,35.09,81.94,90.66,35.09,0.69,0.91,35.09,17.36,8.43,35.09,40.28,53.03,35.09,11.11,12.06,35.09,48.61,34.91,35.09,0.0,1.88,35.09,2.78,7.46,35.09,97.22,90.66,35.09,30.56,29.41,35.09,47.92,61.95,35.09,21.53,8.64,35.09
569,0.0,1.96,32.95,22.22,16.86,32.95,77.78,81.18,32.95,74.07,43.14,32.95,22.22,52.94,32.95,3.7,3.92,32.95,59.26,79.61,32.95,0.0,0.0,32.95,40.74,20.39,32.95,100.0,98.82,32.95,0.0,0.0,32.95,0.0,1.18,32.95,0.0,0.0,32.95,0.0,2.75,32.95,100.0,97.25,32.95,0.0,7.45,32.95,0.0,3.53,32.95,100.0,89.02,32.95
570,31.68,37.48,40.09,61.39,53.28,40.09,6.93,9.24,40.09,37.62,35.59,40.09,26.73,34.79,40.09,35.64,29.62,40.09,85.15,89.66,40.09,0.0,1.19,40.09,14.85,9.15,40.09,6.93,18.89,40.09,28.71,20.78,40.09,64.36,60.34,40.09,1.98,1.19,40.09,3.96,9.84,40.09,94.06,88.97,40.09,24.75,19.28,40.09,39.6,47.61,40.09,35.64,33.1,40.09
571,93.05,93.38,35.21,5.02,5.27,35.21,1.93,1.36,35.21,43.63,38.54,35.21,33.98,35.28,35.21,22.39,26.18,35.21,94.98,97.02,35.21,0.39,1.24,35.21,4.63,1.74,35.21,2.7,2.52,35.21,34.36,38.85,35.21,62.93,58.64,35.21,0.39,0.66,35.21,3.47,8.56,35.21,96.14,90.78,35.21,28.19,22.39,35.21,58.3,69.56,35.21,13.51,8.06,35.21
572,24.56,23.19,20.97,52.63,52.21,20.97,22.81,24.6,20.97,49.12,56.81,20.97,38.6,31.68,20.97,12.28,11.5,20.97,33.33,38.05,20.97,0.0,1.06,20.97,66.67,60.88,20.97,3.51,1.24,20.97,31.58,22.83,20.97,64.91,75.93,20.97,0.0,0.0,20.97,3.51,1.06,20.97,96.49,98.94,20.97,22.81,20.53,20.97,8.77,16.11,20.97,68.42,63.36,20.97
573,61.31,86.56,24.47,32.12,11.98,24.47,6.57,1.46,24.47,40.15,35.65,24.47,36.5,33.89,24.47,23.36,30.46,24.47,84.67,95.33,24.47,1.46,1.1,24.47,13.87,3.58,24.47,0.73,0.88,24.47,21.17,22.86,24.47,78.1,76.26,24.47,1.46,0.37,24.47,1.46,2.41,24.47,97.08,97.22,24.47,40.15,27.98,24.47,46.72,67.35,24.47,13.14,4.67,24.47
574,68.18,74.73,26.81,25.21,20.51,26.81,6.61,4.76,26.81,29.34,31.65,26.81,26.86,27.92,26.81,43.8,40.43,26.81,89.26,94.57,26.81,0.83,1.28,26.81,9.92,4.14,26.81,4.55,5.63,26.81,43.39,40.97,26.81,52.07,53.4,26.81,0.0,0.08,26.81,2.48,2.24,26.81,97.52,97.68,26.81,21.49,19.01,26.81,62.4,70.05,26.81,16.12,10.94,26.81
575,0.0,0.0,48.06,7.89,35.66,48.06,92.11,64.34,48.06,42.11,32.17,48.06,52.63,60.86,48.06,5.26,6.97,48.06,55.26,86.06,48.06,0.0,0.0,48.06,44.74,13.94,48.06,60.53,80.7,48.06,0.0,1.61,48.06,39.47,17.69,48.06,0.0,0.0,48.06,0.0,7.77,48.06,100.0,92.23,48.06,0.0,0.0,48.06,0.0,0.0,48.06,100.0,100.0,48.06
576,3.33,8.62,34.92,3.33,20.34,34.92,93.33,71.03,34.92,63.33,36.21,34.92,26.67,46.9,34.92,10.0,16.9,34.92,80.0,91.38,34.92,0.0,0.0,34.92,20.0,8.62,34.92,50.0,50.69,34.92,3.33,7.59,34.92,46.67,41.72,34.92,3.33,2.76,34.92,6.67,17.24,34.92,90.0,80.0,34.92,0.0,3.45,34.92,3.33,12.07,34.92,96.67,84.48,34.92
577,61.16,79.6,34.21,33.06,16.65,34.21,5.79,3.75,34.21,27.27,27.23,34.21,45.45,41.13,34.21,27.27,31.64,34.21,76.03,87.01,34.21,3.31,2.33,34.21,20.66,10.66,34.21,0.83,2.41,34.21,9.09,18.9,34.21,90.08,78.68,34.21,0.0,0.83,34.21,2.48,5.08,34.21,97.52,94.09,34.21,50.41,34.39,34.21,30.58,57.29,34.21,19.01,8.33,34.21
578,88.37,93.41,37.89,6.98,5.65,37.89,4.65,0.94,37.89,23.26,23.29,37.89,58.14,48.24,37.89,18.6,28.47,37.89,81.4,88.71,37.89,2.33,0.24,37.89,16.28,11.06,37.89,4.65,1.88,37.89,44.19,36.71,37.89,51.16,61.41,37.89,0.0,0.71,37.89,6.98,10.12,37.89,93.02,89.18,37.89,65.12,40.24,37.89,32.56,55.06,37.89,2.33,4.71,37.89
579,97.65,99.76,31.19,0.0,0.0,31.19,2.35,0.24,31.19,51.76,36.9,31.19,30.59,37.02,31.19,17.65,26.07,31.19,92.94,94.05,31.19,4.71,5.71,31.19,2.35,0.24,31.19,16.47,14.05,31.19,30.59,37.98,31.19,52.94,47.98,31.19,0.0,0.71,31.19,9.41,11.55,31.19,90.59,87.74,31.19,32.94,34.64,31.19,48.24,60.71,31.19,18.82,4.64,31.19
580,100.0,99.12,26.47,0.0,0.22,26.47,0.0,0.66,26.47,28.26,22.52,26.47,36.96,39.96,26.47,34.78,37.53,26.47,95.65,98.01,26.47,2.17,1.55,26.47,2.17,0.44,26.47,15.22,18.1,26.47,45.65,44.37,26.47,39.13,37.53,26.47,2.17,3.53,26.47,21.74,28.92,26.47,76.09,67.55,26.47,21.74,19.87,26.47,73.91,77.26,26.47,4.35,2.87,26.47
581,70.99,84.78,22.0,16.05,9.38,22.0,12.96,5.84,22.0,37.04,40.25,22.0,41.36,32.67,22.0,21.6,27.08,22.0,88.27,96.27,22.0,1.85,0.5,22.0,9.88,3.23,22.0,0.62,2.48,22.0,30.25,40.81,22.0,69.14,56.71,22.0,0.0,0.25,22.0,0.62,2.61,22.0,99.38,97.14,22.0,22.84,25.16,22.0,41.36,56.09,22.0,35.8,18.76,22.0
582,69.4,85.86,30.01,21.64,9.47,30.01,8.96,4.66,30.01,44.03,44.59,30.01,29.85,30.3,30.01,26.12,25.11,30.01,89.55,95.94,30.01,0.75,0.53,30.01,9.7,3.53,30.01,2.24,2.18,30.01,28.36,30.68,30.01,69.4,67.14,30.01,0.0,0.45,30.01,5.22,4.96,30.01,94.78,94.59,30.01,19.4,14.96,30.01,61.94,76.17,30.01,18.66,8.87,30.01
583,8.33,11.91,17.07,59.38,66.77,17.07,32.29,21.32,17.07,42.71,49.74,17.07,39.58,29.47,17.07,17.71,20.79,17.07,63.54,83.07,17.07,2.08,0.73,17.07,34.38,16.2,17.07,0.0,0.84,17.07,45.83,36.78,17.07,54.17,62.38,17.07,0.0,0.1,17.07,2.08,1.67,17.07,97.92,98.22,17.07,23.96,31.24,17.07,29.17,43.26,17.07,46.88,25.5,17.07
584,56.63,82.02,29.83,34.94,15.31,29.83,8.43,2.67,29.83,38.55,32.44,29.83,39.76,41.07,29.83,21.69,26.49,29.83,71.08,94.41,29.83,2.41,1.09,29.83,26.51,4.5,29.83,1.2,0.85,29.83,22.89,21.39,29.83,75.9,77.76,29.83,1.2,0.36,29.83,1.2,2.31,29.83,97.59,97.33,29.83,18.07,22.48,29.83,45.78,65.25,29.83,36.14,12.27,29.83
588,0.0,0.0,39.96,6.25,12.68,39.96,93.75,87.32,39.96,87.5,59.86,39.96,12.5,40.14,39.96,0.0,0.0,39.96,25.0,66.9,39.96,0.0,0.0,39.96,75.0,33.1,39.96,100.0,100.0,39.96,0.0,0.0,39.96,0.0,0.0,39.96,0.0,0.0,39.96,0.0,3.52,39.96,100.0,96.48,39.96,0.0,2.82,39.96,0.0,0.0,39.96,100.0,97.18,39.96
589,0.0,0.0,36.32,0.0,13.64,36.32,100.0,86.36,36.32,100.0,79.55,36.32,0.0,20.45,36.32,0.0,0.0,36.32,57.89,92.05,36.32,0.0,0.0,36.32,42.11,7.95,36.32,100.0,100.0,36.32,0.0,0.0,36.32,0.0,0.0,36.32,0.0,0.0,36.32,0.0,0.0,36.32,100.0,100.0,36.32,0.0,1.7,36.32,0.0,0.0,36.32,100.0,98.3,36.32
590,0.0,0.0,68.63,0.0,2.13,68.63,100.0,97.87,68.63,0.0,6.38,68.63,100.0,93.62,68.63,0.0,0.0,68.63,100.0,97.87,68.63,0.0,0.0,68.63,0.0,2.13,68.63,100.0,100.0,68.63,0.0,0.0,68.63,0.0,0.0,68.63,0.0,0.0,68.63,20.0,12.77,68.63,80.0,87.23,68.63,100.0,53.19,68.63,0.0,4.26,68.63,0.0,42.55,68.63
591,0.0,0.0,78.14,0.0,0.68,78.14,100.0,99.32,78.14,100.0,73.97,78.14,0.0,26.03,78.14,0.0,0.0,78.14,100.0,98.63,78.14,0.0,0.0,78.14,0.0,1.37,78.14,100.0,100.0,78.14,0.0,0.0,78.14,0.0,0.0,78.14,0.0,0.0,78.14,0.0,1.37,78.14,100.0,98.63,78.14,0.0,4.11,78.14,0.0,0.0,78.14,100.0,95.89,78.14
592,0.0,0.0,122.71,35.29,20.5,122.71,64.71,79.5,122.71,58.82,85.71,122.71,41.18,14.29,122.71,0.0,0.0,122.71,100.0,99.38,122.71,0.0,0.0,122.71,0.0,0.62,122.71,100.0,100.0,122.71,0.0,0.0,122.71,0.0,0.0,122.71,0.0,0.0,122.71,0.0,0.0,122.71,100.0,100.0,122.71,5.88,24.22,122.71,0.0,0.0,122.71,94.12,75.78,122.71
593,11.76,2.4,120.31,70.59,50.3,120.31,17.65,47.31,120.31,5.88,32.34,120.31,88.24,66.47,120.31,5.88,1.2,120.31,100.0,82.63,120.31,0.0,0.0,120.31,0.0,17.37,120.31,17.65,55.09,120.31,0.0,0.0,120.31,82.35,44.91,120.31,0.0,0.0,120.31,11.76,2.99,120.31,88.24,97.01,120.31,0.0,9.58,120.31,29.41,3.59,120.31,70.59,86.83,120.31
594,0.0,0.0,117.51,11.11,18.64,117.51,88.89,81.36,117.51,58.33,51.41,117.51,41.67,48.59,117.51,0.0,0.0,117.51,13.89,43.22,117.51,0.0,0.0,117.51,86.11,56.78,117.51,94.44,88.7,117.51,0.0,3.67,117.51,5.56,7.63,117.51,0.0,0.0,117.51,0.0,0.0,117.51,100.0,100.0,117.51,0.0,0.56,117.51,0.0,0.0,117.51,100.0,99.44,117.51
595,0.0,0.0,65.14,23.53,28.83,65.14,76.47,71.17,65.14,41.18,77.3,65.14,58.82,22.7,65.14,0.0,0.0,65.14,70.59,26.99,65.14,0.0,0.0,65.14,29.41,73.01,65.14,100.0,66.26,65.14,0.0,0.0,65.14,0.0,33.74,65.14,0.0,0.0,65.14,0.0,0.61,65.14,100.0,99.39,65.14,5.88,0.61,65.14,0.0,0.0,65.14,94.12,99.39,65.14
596,0.0,8.06,35.75,0.0,22.58,35.75,100.0,69.35,35.75,14.29,4.84,35.75,85.71,88.71,35.75,0.0,6.45,35.75,100.0,100.0,35.75,0.0,0.0,35.75,0.0,0.0,35.75,100.0,90.32,35.75,0.0,0.0,35.75,0.0,9.68,35.75,0.0,0.0,35.75,0.0,4.84,35.75,100.0,95.16,35.75,28.57,20.97,35.75,0.0,30.65,35.75,71.43,48.39,35.75
597,0.0,0.0,29.04,27.27,21.9,29.04,72.73,78.1,29.04,63.64,40.95,29.04,36.36,59.05,29.04,0.0,0.0,29.04,36.36,56.19,29.04,0.0,0.0,29.04,63.64,43.81,29.04,90.91,96.19,29.04,0.0,0.0,29.04,9.09,3.81,29.04,0.0,0.0,29.04,0.0,0.0,29.04,100.0,100.0,29.04,0.0,0.95,29.04,0.0,0.0,29.04,100.0,99.05,29.04
598,0.0,0.0,37.07,0.0,17.95,37.07,100.0,82.05,37.07,84.62,43.59,37.07,15.38,56.41,37.07,0.0,0.0,37.07,0.0,7.69,37.07,0.0,0.0,37.07,100.0,92.31,37.07,69.23,74.36,37.07,0.0,5.13,37.07,30.77,20.51,37.07,0.0,0.0,37.07,0.0,0.0,37.07,100.0,100.0,37.07,0.0,15.38,37.07,0.0,0.0,37.07,100.0,84.62,37.07
599,0.0,0.0,30.15,42.86,67.69,30.15,57.14,32.31,30.15,42.86,60.0,30.15,57.14,40.0,30.15,0.0,0.0,30.15,42.86,43.08,30.15,0.0,0.0,30.15,57.14,56.92,30.15,71.43,96.92,30.15,0.0,0.0,30.15,28.57,3.08,30.15,0.0,0.0,30.15,0.0,0.0,30.15,100.0,100.0,30.15,0.0,23.08,30.15,0.0,0.0,30.15,100.0,76.92,30.15
600,0.0,0.0,35.42,0.0,41.38,35.42,100.0,58.62,35.42,100.0,53.45,35.42,0.0,45.69,35.42,0.0,0.86,35.42,23.08,54.31,35.42,0.0,0.0,35.42,76.92,45.69,35.42,69.23,93.97,35.42,0.0,0.0,35.42,30.77,6.03,35.42,0.0,0.0,35.42,0.0,0.0,35.42,100.0,100.0,35.42,0.0,6.9,35.42,0.0,0.0,35.42,100.0,93.1,35.42
601,0.0,0.0,28.26,23.08,44.09,28.26,76.92,55.91,28.26,69.23,26.77,28.26,30.77,73.23,28.26,0.0,0.0,28.26,30.77,59.84,28.26,0.0,0.0,28.26,69.23,40.16,28.26,84.62,91.34,28.26,0.0,0.79,28.26,15.38,7.87,28.26,0.0,0.0,28.26,0.0,0.0,28.26,100.0,100.0,28.26,0.0,1.57,28.26,0.0,0.0,28.26,100.0,98.43,28.26
