,State,District,Name,District_HHD_Cluster_MSL,District_HHD_Cluster_MSW,District_HHD_Cluster_CHH,District_HHD_Cluster_FC,District_HHD_Cluster_BF,District_HHD_Cluster_EMP,BF_RUD,BF_INT,BF_ADV,CHH_RUD,CHH_INT,CHH_ADV,FC_RUD,FC_INT,FC_ADV,MSW_RUD,MSW_INT,MSW_ADV,MSL_RUD,MSL_INT,MSL_ADV,EMP_UN,EMP_AL,EMP_NAL,ASSET
0,10,203,Pashchim Champaran,1,2,3,2,1,1,3.0,4.0,4.0,1.0,5.0,2.0,2.0,5.0,4.0,1.0,6.0,1.0,3.0,4.0,4.0,6.0,1.0,4.0,1
1,10,204,Purba Champaran,1,2,3,2,1,1,3.0,1.0,4.0,4.0,5.0,1.0,5.0,2.0,4.0,1.0,3.0,1.0,3.0,4.0,4.0,3.0,4.0,4.0,1
2,10,205,Sheohar,1,2,2,2,1,1,3.0,4.0,1.0,4.0,5.0,1.0,4.0,3.0,7.0,1.0,3.0,1.0,3.0,4.0,7.0,3.0,4.0,4.0,1
3,10,206,Sitamarhi,1,2,3,2,1,1,3.0,1.0,4.0,1.0,5.0,2.0,1.0,6.0,4.0,4.0,3.0,1.0,3.0,4.0,4.0,3.0,1.0,4.0,1
4,10,207,Madhubani,1,2,2,2,1,1,3.0,1.0,4.0,1.0,5.0,4.0,5.0,2.0,4.0,1.0,6.0,4.0,3.0,4.0,1.0,6.0,1.0,4.0,1
5,10,208,Supaul,1,2,3,2,1,2,3.0,4.0,4.0,1.0,2.0,2.0,4.0,3.0,7.0,1.0,7.0,1.0,3.0,4.0,4.0,6.0,1.0,4.0,1
6,10,209,Araria,1,2,3,2,1,2,3.0,4.0,4.0,1.0,4.0,2.0,4.0,3.0,7.0,1.0,6.0,1.0,3.0,4.0,4.0,6.0,1.0,4.0,1
7,10,210,Kishanganj,1,2,3,2,1,1,3.0,7.0,4.0,1.0,5.0,5.0,4.0,3.0,1.0,4.0,3.0,4.0,3.0,4.0,4.0,6.0,4.0,4.0,1
8,10,211,Purnia,1,2,3,2,1,1,3.0,4.0,1.0,4.0,1.0,2.0,4.0,3.0,4.0,4.0,3.0,1.0,3.0,4.0,4.0,6.0,1.0,4.0,1
9,10,212,Katihar,1,2,3,2,1,1,3.0,4.0,1.0,1.0,4.0,2.0,4.0,3.0,1.0,1.0,6.0,1.0,6.0,1.0,4.0,6.0,1.0,4.0,1
10,10,213,Madhepura,1,2,3,2,1,2,7.0,1.0,1.0,4.0,5.0,2.0,4.0,3.0,4.0,1.0,3.0,4.0,3.0,4.0,7.0,6.0,1.0,4.0,1
11,10,214,Saharsa,1,2,3,2,1,1,3.0,7.0,4.0,1.0,5.0,2.0,4.0,3.0,7.0,1.0,6.0,1.0,3.0,4.0,4.0,3.0,1.0,4.0,2
12,10,215,Darbhanga,1,2,3,2,1,1,3.0,1.0,4.0,4.0,2.0,1.0,4.0,2.0,4.0,4.0,3.0,4.0,3.0,4.0,4.0,3.0,1.0,4.0,1
13,10,216,Muzaffarpur,1,2,3,2,1,1,3.0,1.0,4.0,4.0,2.0,2.0,5.0,2.0,4.0,1.0,3.0,4.0,3.0,4.0,4.0,3.0,1.0,4.0,1
14,10,217,Gopalganj,1,2,3,2,1,1,3.0,4.0,4.0,1.0,5.0,1.0,2.0,5.0,4.0,1.0,6.0,1.0,3.0,4.0,1.0,3.0,1.0,4.0,1
15,10,218,Siwan,1,2,3,2,1,1,3.0,4.0,4.0,4.0,5.0,1.0,5.0,2.0,4.0,1.0,6.0,1.0,3.0,4.0,4.0,3.0,4.0,4.0,1
16,10,219,Saran,1,2,3,2,1,1,3.0,1.0,4.0,4.0,2.0,4.0,2.0,5.0,4.0,4.0,3.0,4.0,3.0,4.0,4.0,3.0,4.0,4.0,1
17,10,220,Vaishali,1,2,3,2,1,1,3.0,1.0,4.0,4.0,2.0,2.0,2.0,5.0,4.0,4.0,3.0,1.0,3.0,4.0,4.0,3.0,1.0,4.0,1
18,10,221,Samastipur,1,2,3,2,1,1,3.0,1.0,4.0,1.0,2.0,5.0,4.0,2.0,4.0,1.0,6.0,4.0,3.0,4.0,4.0,3.0,1.0,4.0,1
19,10,222,Begusarai,1,2,3,2,1,1,3.0,4.0,4.0,4.0,5.0,2.0,4.0,2.0,4.0,1.0,3.0,4.0,3.0,4.0,4.0,3.0,4.0,4.0,1
20,10,223,Khagaria,1,2,3,2,1,1,3.0,7.0,4.0,4.0,5.0,1.0,4.0,3.0,4.0,1.0,3.0,1.0,3.0,4.0,4.0,3.0,1.0,4.0,2
21,10,224,Bhagalpur,1,2,3,2,1,1,3.0,4.0,4.0,4.0,5.0,2.0,4.0,3.0,4.0,1.0,6.0,1.0,2.0,5.0,4.0,3.0,1.0,4.0,1
22,10,225,Banka,1,2,3,2,1,1,7.0,1.0,1.0,1.0,4.0,2.0,1.0,6.0,4.0,2.0,6.0,1.0,3.0,4.0,4.0,6.0,1.0,1.0,1
23,10,226,Munger,1,2,3,2,1,1,3.0,4.0,4.0,4.0,5.0,2.0,5.0,2.0,4.0,1.0,6.0,1.0,2.0,5.0,4.0,3.0,1.0,4.0,1
24,10,227,Lakhisarai,1,2,3,2,1,1,3.0,4.0,4.0,4.0,5.0,2.0,1.0,6.0,4.0,1.0,6.0,1.0,3.0,4.0,4.0,6.0,4.0,1.0,2
25,10,228,Sheikhpura,1,2,3,2,1,1,3.0,4.0,1.0,4.0,5.0,2.0,1.0,6.0,7.0,4.0,3.0,1.0,3.0,4.0,4.0,3.0,1.0,4.0,2
26,10,229,Nalanda,1,2,3,2,1,1,3.0,1.0,4.0,1.0,5.0,2.0,4.0,3.0,4.0,1.0,3.0,1.0,3.0,4.0,4.0,6.0,1.0,4.0,2
27,10,230,Patna,2,2,2,3,3,1,6.0,4.0,4.0,1.0,5.0,2.0,4.0,3.0,4.0,1.0,3.0,4.0,2.0,4.0,4.0,6.0,1.0,4.0,3
28,10,231,Bhojpur,1,2,3,2,1,1,3.0,4.0,4.0,4.0,5.0,2.0,4.0,3.0,4.0,1.0,6.0,1.0,3.0,4.0,4.0,6.0,1.0,4.0,1
29,10,232,Buxar,1,2,3,2,1,1,3.0,4.0,4.0,1.0,2.0,5.0,4.0,3.0,4.0,1.0,3.0,4.0,3.0,4.0,4.0,3.0,4.0,4.0,1
30,10,233,Kaimur (Bhabua),1,2,3,2,1,1,3.0,1.0,4.0,4.0,4.0,2.0,1.0,6.0,4.0,1.0,6.0,1.0,3.0,4.0,4.0,3.0,1.0,4.0,1
31,10,234,Rohtas,1,2,3,2,1,1,3.0,4.0,4.0,4.0,5.0,2.0,4.0,3.0,4.0,1.0,3.0,4.0,3.0,4.0,4.0,3.0,1.0,4.0,1
32,10,235,Aurangabad,1,2,3,2,1,1,3.0,4.0,1.0,1.0,4.0,5.0,1.0,6.0,1.0,4.0,6.0,1.0,3.0,4.0,4.0,3.0,4.0,4.0,1
33,10,236,Gaya,1,2,3,2,1,1,3.0,1.0,4.0,1.0,4.0,2.0,1.0,6.0,4.0,1.0,6.0,4.0,3.0,4.0,4.0,3.0,1.0,4.0,1
34,10,237,Nawada,1,2,3,2,1,1,3.0,1.0,4.0,4.0,4.0,3.0,1.0,6.0,4.0,1.0,6.0,1.0,3.0,4.0,4.0,6.0,1.0,1.0,2
35,10,238,Jamui,1,1,3,2,1,2,3.0,4.0,1.0,1.0,4.0,3.0,2.0,5.0,4.0,2.0,5.0,4.0,3.0,4.0,4.0,5.0,1.0,4.0,1
36,10,239,Jehanabad ,1,2,3,2,1,1,7.0,1.0,1.0,1.0,2.0,2.0,4.0,3.0,4.0,4.0,3.0,1.0,3.0,4.0,4.0,3.0,4.0,4.0,1
37,10,240,Arwal,1,2,3,2,1,1,3.0,7.0,4.0,4.0,1.0,6.0,4.0,3.0,1.0,1.0,6.0,1.0,6.0,1.0,7.0,3.0,4.0,1.0,1
38,21,370,Bargarh,2,2,3,1,1,2,3.0,1.0,4.0,1.0,4.0,3.0,3.0,4.0,7.0,1.0,3.0,4.0,1.0,5.0,4.0,4.0,2.0,4.0,1
39,21,371,Jharsuguda,2,2,3,2,1,3,3.0,4.0,4.0,4.0,4.0,3.0,3.0,4.0,4.0,4.0,3.0,4.0,1.0,2.0,4.0,2.0,1.0,5.0,1
40,21,372,Sambalpur,2,2,3,1,1,3,3.0,4.0,4.0,4.0,1.0,3.0,3.0,4.0,4.0,1.0,6.0,4.0,2.0,5.0,4.0,1.0,2.0,4.0,1
41,21,373,Debagarh,1,2,3,1,1,2,3.0,7.0,1.0,4.0,1.0,3.0,3.0,4.0,1.0,4.0,3.0,1.0,2.0,4.0,1.0,5.0,2.0,4.0,1
42,21,374,Sundargarh,2,2,3,1,1,3,3.0,1.0,4.0,4.0,4.0,3.0,3.0,4.0,4.0,1.0,6.0,4.0,2.0,5.0,4.0,2.0,1.0,4.0,1
43,21,375,Kendujhar,1,2,3,1,1,1,3.0,4.0,4.0,4.0,4.0,3.0,6.0,1.0,4.0,5.0,3.0,4.0,2.0,4.0,4.0,2.0,1.0,4.0,1
44,21,376,Mayurbhanj,1,1,3,1,1,2,3.0,4.0,4.0,4.0,4.0,3.0,6.0,1.0,1.0,5.0,2.0,1.0,3.0,4.0,4.0,5.0,2.0,4.0,1
45,21,377,Baleshwar,2,2,3,2,1,1,3.0,1.0,4.0,4.0,1.0,3.0,5.0,2.0,4.0,1.0,6.0,4.0,1.0,2.0,4.0,3.0,1.0,4.0,1
46,21,378,Bhadrak,2,2,3,2,1,1,3.0,4.0,4.0,4.0,4.0,3.0,1.0,3.0,4.0,1.0,6.0,1.0,1.0,5.0,4.0,3.0,4.0,4.0,1
47,21,379,Kendrapara ,2,2,3,2,1,1,3.0,4.0,4.0,4.0,5.0,2.0,4.0,3.0,4.0,1.0,3.0,4.0,1.0,5.0,4.0,3.0,1.0,4.0,1
48,21,380,Jagatsinghapur ,2,2,3,2,1,1,6.0,4.0,4.0,4.0,5.0,1.0,4.0,2.0,4.0,1.0,6.0,1.0,1.0,2.0,4.0,3.0,1.0,4.0,1
49,21,381,Cuttack,2,2,3,2,1,3,7.0,1.0,1.0,1.0,2.0,2.0,5.0,2.0,4.0,5.0,3.0,4.0,4.0,2.0,4.0,3.0,4.0,4.0,1
50,21,382,Jajapur  ,2,2,3,2,1,1,3.0,4.0,1.0,1.0,1.0,6.0,4.0,2.0,4.0,2.0,3.0,4.0,1.0,2.0,4.0,3.0,4.0,4.0,1
51,21,383,Dhenkanal,2,1,3,1,1,1,3.0,1.0,4.0,4.0,4.0,3.0,3.0,4.0,4.0,2.0,5.0,4.0,1.0,5.0,4.0,3.0,1.0,4.0,1
52,21,384,Anugul  ,2,1,3,1,1,1,3.0,1.0,4.0,4.0,4.0,3.0,3.0,4.0,4.0,5.0,2.0,4.0,1.0,5.0,4.0,2.0,1.0,4.0,1
53,21,385,Nayagarh  ,2,1,3,1,1,1,7.0,1.0,1.0,1.0,4.0,3.0,3.0,4.0,1.0,2.0,5.0,4.0,1.0,5.0,4.0,3.0,1.0,1.0,1
54,21,386,Khordha ,3,1,2,3,3,3,3.0,4.0,4.0,4.0,4.0,2.0,6.0,1.0,4.0,2.0,5.0,4.0,1.0,2.0,4.0,3.0,1.0,4.0,3
55,21,387,Puri,2,2,3,2,1,1,3.0,1.0,4.0,4.0,4.0,3.0,4.0,3.0,4.0,1.0,6.0,1.0,1.0,2.0,4.0,3.0,4.0,4.0,1
56,21,388,Ganjam,2,1,3,1,1,1,3.0,4.0,4.0,4.0,4.0,2.0,3.0,4.0,4.0,2.0,2.0,4.0,1.0,5.0,4.0,3.0,1.0,4.0,1
57,21,389,Gajapati,2,1,3,1,1,2,7.0,1.0,4.0,4.0,4.0,3.0,3.0,1.0,4.0,2.0,1.0,1.0,2.0,5.0,1.0,4.0,2.0,4.0,2
58,21,390,Kandhamal,1,1,3,1,1,2,7.0,1.0,1.0,4.0,4.0,3.0,3.0,1.0,4.0,3.0,1.0,4.0,3.0,4.0,1.0,5.0,2.0,4.0,2
59,21,391,Baudh,1,2,3,1,1,2,3.0,1.0,1.0,1.0,4.0,6.0,3.0,4.0,7.0,1.0,6.0,4.0,3.0,4.0,4.0,4.0,2.0,4.0,1
60,21,392,Subarnapur,1,2,3,1,1,2,3.0,4.0,1.0,4.0,1.0,6.0,3.0,4.0,7.0,1.0,3.0,4.0,2.0,4.0,4.0,5.0,2.0,4.0,1
61,21,393,Balangir,1,2,3,1,1,1,7.0,1.0,1.0,1.0,4.0,3.0,6.0,1.0,7.0,4.0,3.0,4.0,2.0,4.0,4.0,6.0,1.0,4.0,1
62,21,394,Nuapada,1,2,3,1,1,2,3.0,1.0,4.0,4.0,4.0,3.0,3.0,4.0,4.0,1.0,6.0,4.0,2.0,5.0,4.0,5.0,2.0,4.0,1
63,21,395,Kalahandi,1,2,3,1,1,2,3.0,4.0,1.0,4.0,4.0,3.0,3.0,1.0,4.0,1.0,6.0,1.0,3.0,4.0,1.0,2.0,2.0,4.0,1
64,21,396,Rayagada  ,1,2,3,1,1,2,3.0,1.0,4.0,4.0,4.0,3.0,3.0,4.0,4.0,1.0,6.0,4.0,3.0,4.0,4.0,1.0,2.0,4.0,2
65,21,397,Nabarangapur ,1,2,3,1,1,2,3.0,1.0,1.0,4.0,1.0,3.0,3.0,4.0,7.0,4.0,3.0,1.0,3.0,4.0,4.0,5.0,2.0,4.0,1
66,21,398,Koraput,1,2,3,1,1,2,3.0,4.0,4.0,1.0,4.0,3.0,3.0,4.0,4.0,1.0,6.0,4.0,3.0,4.0,1.0,1.0,2.0,4.0,2
67,21,399,Malkangiri  ,1,2,3,1,1,2,7.0,1.0,1.0,1.0,1.0,6.0,3.0,4.0,7.0,2.0,3.0,4.0,3.0,1.0,4.0,4.0,3.0,4.0,1
68,24,468,Kachchh,3,3,1,3,3,3,2.0,1.0,5.0,6.0,1.0,1.0,3.0,4.0,4.0,4.0,4.0,3.0,1.0,4.0,6.0,2.0,1.0,4.0,3
69,24,469,Banas Kantha,3,3,1,1,1,1,3.0,1.0,4.0,5.0,1.0,1.0,3.0,1.0,4.0,1.0,1.0,5.0,4.0,1.0,5.0,2.0,2.0,4.0,2
70,24,470,Patan  ,3,3,1,1,3,1,5.0,1.0,4.0,5.0,2.0,1.0,3.0,4.0,4.0,1.0,1.0,3.0,1.0,1.0,6.0,5.0,2.0,4.0,2
71,24,471,Mahesana,3,3,1,3,3,1,2.0,1.0,5.0,5.0,1.0,1.0,5.0,1.0,2.0,1.0,4.0,3.0,1.0,4.0,6.0,6.0,1.0,4.0,3
72,24,472,Sabar Kantha,3,3,1,1,1,2,5.0,4.0,5.0,5.0,5.0,1.0,2.0,4.0,4.0,1.0,1.0,6.0,1.0,1.0,6.0,2.0,2.0,4.0,2
73,24,473,Gandhinagar,3,3,1,3,3,3,5.0,1.0,6.0,5.0,2.0,1.0,5.0,1.0,2.0,1.0,1.0,6.0,1.0,4.0,6.0,3.0,1.0,4.0,3
74,24,474,Ahmadabad,3,3,1,3,3,3,2.0,4.0,5.0,2.0,5.0,1.0,3.0,4.0,4.0,1.0,4.0,6.0,1.0,1.0,6.0,3.0,1.0,4.0,3
75,24,475,Surendranagar,3,3,1,1,1,1,7.0,4.0,1.0,2.0,4.0,1.0,6.0,1.0,1.0,1.0,4.0,2.0,1.0,4.0,6.0,2.0,2.0,4.0,3
76,24,476,Rajkot,3,3,1,3,3,3,2.0,4.0,5.0,5.0,1.0,4.0,4.0,2.0,1.0,1.0,1.0,6.0,1.0,1.0,3.0,2.0,2.0,4.0,3
77,24,477,Jamnagar,3,3,1,3,3,3,3.0,1.0,1.0,2.0,4.0,1.0,5.0,2.0,4.0,1.0,1.0,5.0,1.0,4.0,3.0,2.0,2.0,4.0,3
78,24,478,Porbandar ,3,3,1,3,3,3,3.0,1.0,4.0,2.0,1.0,4.0,6.0,1.0,4.0,5.0,4.0,2.0,1.0,4.0,3.0,1.0,1.0,4.0,3
79,24,479,Junagadh,3,3,1,1,3,1,7.0,4.0,1.0,5.0,4.0,1.0,6.0,1.0,1.0,1.0,1.0,5.0,1.0,1.0,6.0,5.0,2.0,4.0,3
80,24,480,Amreli,3,3,1,3,3,1,7.0,4.0,5.0,2.0,4.0,1.0,5.0,2.0,4.0,4.0,4.0,2.0,1.0,4.0,3.0,2.0,2.0,4.0,3
81,24,481,Bhavnagar,3,3,1,3,3,3,3.0,4.0,5.0,5.0,1.0,4.0,6.0,1.0,4.0,4.0,4.0,2.0,4.0,1.0,6.0,2.0,1.0,4.0,3
82,24,482,Anand  ,3,3,1,3,3,1,2.0,4.0,5.0,4.0,2.0,1.0,3.0,1.0,4.0,1.0,1.0,6.0,1.0,4.0,6.0,6.0,1.0,4.0,2
83,24,483,Kheda,3,3,1,1,1,1,3.0,1.0,4.0,4.0,2.0,1.0,3.0,1.0,4.0,1.0,1.0,6.0,1.0,1.0,6.0,6.0,1.0,4.0,2
84,24,484,Panch Mahals,3,2,2,1,1,2,3.0,4.0,4.0,4.0,2.0,1.0,3.0,4.0,4.0,1.0,2.0,4.0,1.0,1.0,6.0,5.0,2.0,4.0,2
85,24,485,Dohad  ,3,1,2,1,1,2,3.0,1.0,1.0,1.0,5.0,2.0,3.0,4.0,4.0,5.0,2.0,1.0,1.0,5.0,2.0,4.0,2.0,4.0,2
86,24,486,Vadodara,3,3,1,3,3,3,6.0,1.0,4.0,4.0,5.0,1.0,3.0,1.0,4.0,1.0,1.0,5.0,1.0,1.0,6.0,5.0,2.0,4.0,3
87,24,487,Narmada,3,2,2,1,1,2,3.0,1.0,4.0,1.0,1.0,4.0,3.0,1.0,4.0,1.0,3.0,5.0,1.0,1.0,6.0,4.0,2.0,4.0,2
88,24,488,Bharuch,3,3,1,3,3,1,5.0,1.0,5.0,5.0,1.0,1.0,3.0,4.0,4.0,1.0,1.0,6.0,1.0,1.0,6.0,2.0,1.0,4.0,3
89,24,489,The Dangs,2,2,1,1,1,2,7.0,1.0,1.0,5.0,1.0,4.0,3.0,7.0,1.0,2.0,2.0,1.0,4.0,5.0,1.0,4.0,3.0,1.0,2
90,24,490,Navsari  ,3,3,1,3,3,3,2.0,4.0,5.0,5.0,1.0,1.0,2.0,1.0,5.0,1.0,2.0,5.0,1.0,1.0,6.0,1.0,2.0,4.0,3
91,24,491,Valsad,3,2,1,3,3,3,3.0,1.0,5.0,5.0,2.0,1.0,3.0,4.0,5.0,1.0,6.0,1.0,1.0,1.0,6.0,1.0,1.0,5.0,3
92,24,492,Surat,3,3,1,3,3,3,5.0,1.0,6.0,2.0,4.0,1.0,1.0,4.0,5.0,1.0,1.0,6.0,1.0,1.0,6.0,1.0,2.0,4.0,3
93,24,493,Tapi,3,2,1,1,1,2,3.0,4.0,4.0,2.0,4.0,1.0,3.0,1.0,4.0,1.0,6.0,1.0,1.0,1.0,6.0,4.0,3.0,4.0,2
94,27,497,Nandurbar,2,3,2,1,1,2,3.0,1.0,4.0,4.0,4.0,1.0,3.0,4.0,4.0,1.0,1.0,5.0,1.0,5.0,4.0,4.0,3.0,4.0,2
95,27,498,Dhule,3,3,1,1,1,2,3.0,1.0,4.0,5.0,2.0,1.0,3.0,4.0,4.0,1.0,1.0,6.0,1.0,1.0,5.0,4.0,3.0,4.0,2
96,27,499,Jalgaon,3,3,1,3,1,2,3.0,1.0,4.0,5.0,2.0,1.0,3.0,1.0,4.0,4.0,4.0,3.0,1.0,1.0,5.0,4.0,3.0,4.0,2
97,27,500,Buldana,3,3,2,1,1,2,3.0,1.0,4.0,4.0,5.0,1.0,3.0,4.0,4.0,1.0,1.0,2.0,1.0,1.0,5.0,4.0,3.0,4.0,2
98,27,501,Akola,3,3,2,1,1,1,3.0,4.0,4.0,4.0,2.0,1.0,3.0,1.0,4.0,4.0,5.0,2.0,1.0,4.0,2.0,1.0,3.0,4.0,2
99,27,502,Washim,3,1,2,1,1,2,3.0,1.0,4.0,4.0,2.0,1.0,3.0,4.0,4.0,2.0,4.0,2.0,1.0,1.0,5.0,4.0,3.0,4.0,2
100,27,503,Amravati,3,3,2,1,3,1,3.0,4.0,4.0,1.0,2.0,5.0,3.0,4.0,4.0,1.0,4.0,2.0,4.0,1.0,2.0,1.0,2.0,4.0,2
101,27,504,Wardha,3,3,2,3,3,2,2.0,1.0,4.0,4.0,2.0,1.0,3.0,4.0,4.0,4.0,1.0,2.0,1.0,1.0,6.0,4.0,3.0,4.0,3
102,27,505,Nagpur,3,3,1,3,3,3,2.0,4.0,5.0,4.0,5.0,1.0,3.0,4.0,4.0,1.0,1.0,5.0,1.0,1.0,6.0,4.0,2.0,4.0,3
103,27,506,Bhandara,3,3,2,1,2,2,2.0,5.0,4.0,4.0,2.0,1.0,3.0,1.0,4.0,5.0,2.0,4.0,4.0,1.0,6.0,4.0,2.0,4.0,1
104,27,507,Gondiya,3,1,2,1,2,2,7.0,2.0,1.0,1.0,5.0,1.0,3.0,7.0,4.0,2.0,2.0,4.0,1.0,1.0,6.0,1.0,2.0,4.0,1
105,27,508,Gadchiroli,2,1,2,1,1,2,7.0,1.0,4.0,1.0,4.0,1.0,3.0,4.0,4.0,2.0,2.0,4.0,1.0,5.0,4.0,1.0,6.0,4.0,1
106,27,509,Chandrapur,3,3,2,1,1,2,3.0,1.0,4.0,4.0,2.0,1.0,3.0,4.0,4.0,1.0,5.0,4.0,1.0,1.0,5.0,1.0,2.0,4.0,1
107,27,510,Yavatmal,2,3,2,1,1,2,3.0,1.0,4.0,4.0,5.0,1.0,3.0,4.0,4.0,2.0,1.0,5.0,1.0,2.0,4.0,4.0,3.0,4.0,2
108,27,511,Nanded,3,3,2,1,1,2,3.0,1.0,4.0,4.0,2.0,1.0,6.0,1.0,4.0,1.0,5.0,5.0,1.0,1.0,5.0,4.0,2.0,4.0,2
109,27,512,Hingoli,2,2,2,1,1,2,3.0,1.0,4.0,4.0,5.0,1.0,3.0,4.0,4.0,1.0,5.0,1.0,1.0,1.0,5.0,4.0,3.0,4.0,2
110,27,513,Parbhani,3,2,2,1,1,2,3.0,1.0,4.0,1.0,2.0,1.0,3.0,5.0,4.0,1.0,5.0,5.0,1.0,1.0,5.0,1.0,6.0,1.0,2
111,27,514,Jalna,3,3,2,1,1,2,6.0,2.0,4.0,4.0,2.0,1.0,6.0,1.0,4.0,2.0,4.0,2.0,1.0,1.0,5.0,1.0,3.0,4.0,2
112,27,515,Aurangabad,3,3,1,3,3,1,6.0,1.0,4.0,5.0,2.0,1.0,3.0,4.0,4.0,1.0,4.0,2.0,1.0,1.0,5.0,4.0,2.0,4.0,3
113,27,516,Nashik,3,3,1,3,3,2,6.0,1.0,4.0,5.0,2.0,1.0,2.0,1.0,5.0,2.0,1.0,5.0,1.0,1.0,5.0,4.0,3.0,4.0,3
114,27,517,Thane,3,3,1,3,3,3,2.0,4.0,5.0,2.0,5.0,1.0,2.0,4.0,5.0,2.0,4.0,2.0,1.0,4.0,5.0,4.0,1.0,5.0,3
115,27,520,Raigarh,3,3,1,3,3,3,2.0,1.0,2.0,5.0,1.0,1.0,2.0,4.0,5.0,1.0,4.0,5.0,1.0,4.0,3.0,1.0,1.0,5.0,3
116,27,521,Pune,3,3,1,3,3,3,2.0,4.0,5.0,6.0,1.0,1.0,2.0,1.0,5.0,1.0,4.0,5.0,1.0,1.0,6.0,1.0,2.0,4.0,3
117,27,522,Ahmadnagar,3,3,1,1,1,2,2.0,1.0,5.0,5.0,1.0,1.0,2.0,1.0,5.0,2.0,4.0,5.0,1.0,1.0,5.0,4.0,2.0,4.0,3
118,27,523,Bid,3,3,2,1,1,2,3.0,1.0,4.0,4.0,2.0,1.0,3.0,1.0,4.0,4.0,2.0,5.0,1.0,1.0,5.0,4.0,3.0,4.0,2
119,27,524,Latur,3,3,2,1,1,2,3.0,1.0,4.0,1.0,5.0,1.0,3.0,1.0,4.0,1.0,1.0,2.0,4.0,1.0,5.0,4.0,3.0,4.0,2
120,27,525,Osmanabad,2,3,2,1,1,2,3.0,4.0,4.0,4.0,5.0,1.0,6.0,1.0,4.0,1.0,2.0,2.0,4.0,2.0,4.0,4.0,3.0,4.0,2
121,27,526,Solapur,2,3,1,1,1,2,3.0,1.0,4.0,5.0,2.0,1.0,3.0,4.0,4.0,1.0,4.0,2.0,1.0,2.0,4.0,4.0,2.0,4.0,1
122,27,527,Satara,3,3,1,3,2,2,1.0,2.0,5.0,5.0,1.0,1.0,2.0,1.0,5.0,1.0,1.0,6.0,1.0,1.0,6.0,1.0,2.0,4.0,3
123,27,528,Ratnagiri,3,3,1,1,3,1,7.0,1.0,6.0,5.0,1.0,1.0,3.0,4.0,4.0,2.0,1.0,5.0,1.0,1.0,6.0,2.0,2.0,4.0,2
124,27,529,Sindhudurg,3,1,1,1,3,1,1.0,1.0,3.0,5.0,1.0,1.0,3.0,1.0,4.0,2.0,1.0,1.0,1.0,4.0,3.0,6.0,1.0,4.0,2
125,27,530,Kolhapur,3,3,1,3,3,1,1.0,4.0,6.0,6.0,1.0,1.0,1.0,4.0,5.0,1.0,4.0,3.0,1.0,1.0,6.0,4.0,2.0,4.0,3
126,27,531,Sangli,3,3,1,3,3,2,4.0,2.0,6.0,2.0,4.0,1.0,1.0,1.0,5.0,1.0,1.0,6.0,1.0,1.0,6.0,5.0,2.0,4.0,3
127,29,555,Belgaum,3,3,1,1,1,2,6.0,4.0,4.0,5.0,2.0,1.0,3.0,4.0,4.0,1.0,2.0,5.0,4.0,1.0,6.0,1.0,2.0,4.0,3
128,29,556,Bagalkot ,3,3,2,1,1,2,3.0,7.0,4.0,4.0,2.0,1.0,3.0,4.0,4.0,1.0,4.0,2.0,1.0,1.0,6.0,4.0,2.0,4.0,1
129,29,557,Bijapur,3,3,2,1,1,2,3.0,7.0,4.0,4.0,5.0,1.0,6.0,1.0,4.0,1.0,2.0,5.0,4.0,1.0,6.0,1.0,2.0,4.0,1
130,29,558,Bidar,3,3,2,1,1,1,3.0,7.0,1.0,1.0,5.0,5.0,6.0,1.0,4.0,1.0,2.0,5.0,1.0,1.0,6.0,5.0,2.0,4.0,2
131,29,559,Raichur,3,3,2,1,1,2,3.0,1.0,4.0,4.0,1.0,1.0,3.0,4.0,4.0,1.0,1.0,5.0,1.0,1.0,6.0,4.0,3.0,4.0,2
132,29,560,Koppal,3,3,2,1,1,2,3.0,4.0,4.0,2.0,4.0,1.0,3.0,4.0,4.0,1.0,1.0,5.0,1.0,4.0,3.0,4.0,2.0,4.0,2
133,29,561,Gadag,3,3,2,1,1,2,7.0,7.0,1.0,1.0,2.0,1.0,3.0,4.0,7.0,1.0,4.0,2.0,4.0,4.0,3.0,4.0,3.0,4.0,2
134,29,562,Dharwad,3,3,1,3,3,3,3.0,1.0,4.0,1.0,2.0,1.0,6.0,1.0,4.0,1.0,4.0,2.0,4.0,4.0,3.0,4.0,3.0,4.0,3
135,29,563,Uttara Kannada,3,1,2,1,3,3,2.0,1.0,5.0,4.0,1.0,2.0,3.0,1.0,4.0,2.0,4.0,4.0,1.0,1.0,6.0,1.0,5.0,4.0,3
136,29,564,Haveri,3,3,2,1,1,2,3.0,4.0,4.0,1.0,2.0,1.0,6.0,1.0,7.0,1.0,1.0,6.0,1.0,4.0,3.0,1.0,2.0,4.0,2
137,29,565,Bellary,3,3,1,1,1,2,3.0,4.0,4.0,5.0,2.0,1.0,3.0,4.0,4.0,1.0,1.0,6.0,1.0,1.0,6.0,4.0,2.0,4.0,3
138,29,566,Chitradurga,3,3,2,1,1,2,3.0,4.0,4.0,4.0,5.0,1.0,6.0,1.0,4.0,1.0,5.0,2.0,1.0,4.0,6.0,4.0,3.0,4.0,2
139,29,567,Davanagere,3,3,2,1,1,2,3.0,4.0,4.0,1.0,5.0,1.0,3.0,1.0,4.0,1.0,2.0,2.0,1.0,1.0,6.0,4.0,2.0,4.0,3
140,29,568,Shimoga,3,3,2,1,2,1,1.0,2.0,4.0,4.0,4.0,1.0,3.0,4.0,4.0,2.0,1.0,5.0,1.0,1.0,6.0,4.0,2.0,4.0,3
141,29,569,Udupi,3,1,1,1,3,3,4.0,4.0,6.0,5.0,2.0,1.0,3.0,7.0,5.0,6.0,7.0,1.0,1.0,1.0,6.0,1.0,1.0,6.0,3
142,29,570,Chikmagalur,3,3,2,1,2,2,2.0,5.0,1.0,4.0,1.0,1.0,3.0,1.0,4.0,1.0,4.0,5.0,4.0,1.0,6.0,1.0,2.0,4.0,3
143,29,571,Tumkur,3,3,2,1,1,2,7.0,1.0,4.0,5.0,1.0,1.0,3.0,1.0,4.0,4.0,2.0,5.0,1.0,1.0,6.0,4.0,2.0,4.0,3
144,29,572,Bangalore,3,3,1,3,3,3,7.0,2.0,1.0,2.0,4.0,1.0,1.0,1.0,6.0,4.0,4.0,3.0,1.0,4.0,3.0,1.0,1.0,5.0,3
145,29,573,Mandya,3,3,2,1,1,2,3.0,4.0,4.0,4.0,4.0,1.0,3.0,4.0,4.0,1.0,1.0,6.0,4.0,1.0,3.0,4.0,2.0,4.0,3
146,29,574,Hassan,3,3,2,1,2,2,3.0,4.0,4.0,1.0,1.0,5.0,3.0,1.0,4.0,1.0,5.0,2.0,1.0,1.0,6.0,4.0,2.0,4.0,3
147,29,575,Dakshina Kannada,3,1,1,3,3,3,4.0,2.0,6.0,5.0,2.0,4.0,3.0,7.0,5.0,2.0,1.0,4.0,1.0,1.0,6.0,1.0,1.0,6.0,3
148,29,576,Kodagu,3,1,2,1,3,3,1.0,1.0,6.0,5.0,2.0,1.0,3.0,7.0,4.0,2.0,1.0,5.0,4.0,1.0,6.0,1.0,1.0,6.0,3
149,29,577,Mysore,3,3,1,3,3,3,3.0,4.0,4.0,1.0,5.0,1.0,3.0,4.0,4.0,1.0,1.0,6.0,1.0,1.0,6.0,5.0,2.0,4.0,3
150,29,578,Chamarajanagar,3,3,2,1,1,2,3.0,4.0,4.0,1.0,5.0,1.0,3.0,4.0,1.0,4.0,5.0,2.0,1.0,4.0,6.0,5.0,2.0,1.0,2
151,29,579,Gulbarga,3,3,1,1,1,1,3.0,7.0,4.0,5.0,1.0,1.0,6.0,1.0,4.0,4.0,2.0,5.0,1.0,1.0,6.0,2.0,2.0,4.0,2
152,29,580,Yadgir,3,3,2,1,1,2,7.0,4.0,1.0,1.0,5.0,4.0,3.0,4.0,4.0,1.0,2.0,5.0,1.0,1.0,5.0,1.0,3.0,4.0,2
153,29,581,Kolar,3,3,1,1,1,1,3.0,4.0,4.0,2.0,4.0,1.0,3.0,4.0,4.0,1.0,2.0,5.0,1.0,1.0,6.0,1.0,2.0,4.0,3
154,29,582,Chikkaballapura,3,3,1,1,1,2,3.0,1.0,4.0,2.0,4.0,4.0,3.0,4.0,4.0,1.0,1.0,5.0,1.0,4.0,6.0,4.0,2.0,4.0,3
155,29,583,Bangalore Rural,3,3,1,3,2,3,4.0,2.0,4.0,2.0,4.0,1.0,3.0,4.0,4.0,1.0,5.0,2.0,1.0,4.0,3.0,1.0,2.0,4.0,3
156,29,584,Ramanagara,3,3,2,1,2,2,3.0,4.0,4.0,4.0,2.0,1.0,3.0,4.0,4.0,4.0,1.0,3.0,4.0,1.0,6.0,1.0,2.0,4.0,3
157,32,588,Kasaragod,3,1,1,1,3,3,4.0,1.0,6.0,6.0,1.0,1.0,2.0,7.0,5.0,3.0,7.0,1.0,1.0,1.0,6.0,1.0,1.0,6.0,2
158,32,589,Kannur,3,1,1,1,3,3,4.0,1.0,6.0,6.0,1.0,1.0,3.0,7.0,4.0,3.0,7.0,1.0,1.0,1.0,7.0,1.0,1.0,6.0,3
159,32,590,Wayanad,3,1,2,1,3,1,4.0,1.0,3.0,1.0,6.0,1.0,6.0,7.0,1.0,3.0,7.0,1.0,1.0,4.0,3.0,6.0,4.0,1.0,2
160,32,591,Kozhikode,3,1,1,1,3,3,4.0,1.0,3.0,6.0,1.0,1.0,3.0,7.0,1.0,3.0,7.0,1.0,1.0,4.0,3.0,1.0,1.0,6.0,3
161,32,592,Malappuram,3,1,1,1,3,3,4.0,4.0,3.0,3.0,4.0,1.0,6.0,7.0,1.0,3.0,7.0,1.0,1.0,1.0,7.0,1.0,1.0,6.0,3
162,32,593,Palakkad,3,1,1,1,2,3,7.0,5.0,2.0,1.0,5.0,1.0,6.0,7.0,1.0,2.0,7.0,5.0,1.0,4.0,3.0,1.0,4.0,3.0,3
163,32,594,Thrissur,3,1,1,3,3,3,4.0,4.0,6.0,5.0,2.0,1.0,1.0,7.0,6.0,6.0,1.0,1.0,1.0,1.0,7.0,1.0,1.0,6.0,3
164,32,595,Ernakulam,3,3,1,3,3,3,4.0,2.0,3.0,2.0,4.0,1.0,5.0,7.0,2.0,3.0,7.0,1.0,1.0,1.0,3.0,4.0,1.0,3.0,3
165,32,596,Idukki ,3,1,2,1,2,2,1.0,1.0,6.0,4.0,6.0,1.0,6.0,7.0,7.0,6.0,7.0,1.0,1.0,1.0,6.0,4.0,1.0,5.0,3
166,32,597,Kottayam,3,1,1,1,2,3,4.0,4.0,6.0,5.0,2.0,1.0,1.0,7.0,5.0,3.0,7.0,4.0,1.0,1.0,7.0,1.0,1.0,6.0,3
167,32,598,Alappuzha,3,1,1,3,2,3,4.0,1.0,6.0,5.0,1.0,1.0,1.0,7.0,6.0,2.0,1.0,4.0,1.0,1.0,7.0,1.0,1.0,6.0,3
168,32,599,Pathanamthitta,3,1,1,1,2,3,4.0,2.0,5.0,2.0,4.0,1.0,1.0,7.0,3.0,3.0,7.0,4.0,1.0,1.0,7.0,1.0,1.0,6.0,3
169,32,600,Kollam,3,1,1,3,2,3,4.0,4.0,6.0,6.0,1.0,1.0,1.0,7.0,6.0,3.0,7.0,4.0,1.0,1.0,7.0,1.0,1.0,6.0,3
170,32,601,Thiruvananthapuram,3,1,1,1,2,3,4.0,2.0,6.0,5.0,2.0,1.0,2.0,7.0,5.0,3.0,1.0,4.0,1.0,1.0,7.0,1.0,1.0,6.0,3
