,From,To,Mid,District,Floor,Top,BF_RUD,BF_RUD_AV,BF_RUD_TV,BF_INT,BF_INT_AV,BF_INT_TV,BF_ADV,BF_ADV_AV,BF_ADV_TV,CHH_RUD,CHH_RUD_AV,CHH_RUD_TV,CHH_INT,CHH_INT_AV,CHH_INT_TV,CHH_ADV,CHH_ADV_AV,CHH_ADV_TV,FC_RUD,FC_RUD_AV,FC_RUD_TV,FC_INT,FC_INT_AV,FC_INT_TV,MSW_RUD,MSW_RUD_AV,MSW_RUD_TV,MSW_INT,MSW_INT_AV,MSW_INT_TV,MSW_ADV,MSW_ADV_AV,MSW_ADV_TV,MSL_RUD,MSL_RUD_AV,MSL_RUD_TV,MSL_INT,MSL_INT_AV,MSL_INT_TV,EMP_UN,EMP_UN_AV,EMP_UN_TV,EMP_AL,EMP_AL_AV,EMP_AL_TV,EMP_NAL,EMP_NAL_AV,EMP_NAL_TV
0,0,0.1,0.05,588,2.2443653886820787,5.927041499832081,0.0,0.0,16.0,6.25,1.0,16.0,93.75,15.0,16.0,87.5,14.0,16.0,12.5,2.0,16.0,0.0,0.0,16.0,25.0,4.0,16.0,75.0,12.0,16.0,100.0,16.0,16.0,0.0,0.0,16.0,0.0,0.0,16.0,0.0,0.0,16.0,100.0,16.0,16.0,0.0,0.0,16.0,0.0,0.0,16.0,100.0,16.0,16.0
1,0,0.1,0.05,589,0.2888743699587139,4.545224373029951,0.0,0.0,19.0,0.0,0.0,19.0,100.0,19.0,19.0,100.0,19.0,19.0,0.0,0.0,19.0,0.0,0.0,19.0,57.89473684210527,11.0,19.0,42.10526315789473,8.0,19.0,100.0,19.0,19.0,0.0,0.0,19.0,0.0,0.0,19.0,0.0,0.0,19.0,100.0,19.0,19.0,0.0,0.0,19.0,0.0,0.0,19.0,100.0,19.0,19.0
2,0,0.1,0.05,590,32.88734408553906,38.649878782071106,0.0,0.0,5.0,0.0,0.0,5.0,100.0,5.0,5.0,0.0,0.0,5.0,100.0,5.0,5.0,0.0,0.0,5.0,100.0,5.0,5.0,0.0,0.0,5.0,100.0,5.0,5.0,0.0,0.0,5.0,0.0,0.0,5.0,20.0,1.0,5.0,80.0,4.0,5.0,100.0,5.0,5.0,0.0,0.0,5.0,0.0,0.0,5.0
3,0,0.1,0.05,591,10.048340104658148,21.289993301320038,0.0,0.0,15.0,0.0,0.0,15.0,100.0,15.0,15.0,100.0,15.0,15.0,0.0,0.0,15.0,0.0,0.0,15.0,100.0,15.0,15.0,0.0,0.0,15.0,100.0,15.0,15.0,0.0,0.0,15.0,0.0,0.0,15.0,0.0,0.0,15.0,100.0,15.0,15.0,0.0,0.0,15.0,0.0,0.0,15.0,100.0,15.0,15.0
4,0,0.1,0.05,592,57.553265517529965,78.80290948067062,0.0,0.0,17.0,35.294117647058826,6.0,17.0,64.70588235294117,11.0,17.0,58.82352941176471,10.0,17.0,41.17647058823529,7.0,17.0,0.0,0.0,17.0,100.0,17.0,17.0,0.0,0.0,17.0,100.0,17.0,17.0,0.0,0.0,17.0,0.0,0.0,17.0,0.0,0.0,17.0,100.0,17.0,17.0,5.88235294117647,1.0,17.0,0.0,0.0,17.0,94.11764705882352,16.0,17.0
5,0,0.1,0.05,593,43.505216021854096,54.08791162855418,11.76470588235294,2.0,17.0,70.58823529411765,12.0,17.0,17.647058823529413,3.0,17.0,5.88235294117647,1.0,17.0,88.23529411764706,15.0,17.0,5.88235294117647,1.0,17.0,100.0,17.0,17.0,0.0,0.0,17.0,17.647058823529413,3.0,17.0,0.0,0.0,17.0,82.35294117647058,14.0,17.0,11.76470588235294,2.0,17.0,88.23529411764706,15.0,17.0,0.0,0.0,17.0,29.411764705882355,5.0,17.0,70.58823529411765,12.0,17.0
6,0,0.1,0.05,594,52.21012483865696,66.57735082805961,0.0,0.0,36.0,11.11111111111111,4.0,36.0,88.88888888888889,32.0,36.0,58.333333333333336,21.0,36.0,41.66666666666667,15.0,36.0,0.0,0.0,36.0,13.88888888888889,5.0,36.0,86.11111111111111,31.0,36.0,94.44444444444444,34.0,36.0,0.0,0.0,36.0,5.555555555555555,2.0,36.0,0.0,0.0,36.0,100.0,36.0,36.0,0.0,0.0,36.0,0.0,0.0,36.0,100.0,36.0,36.0
7,0,0.1,0.05,595,5.985442911713947,20.63809528819679,0.0,0.0,17.0,23.52941176470588,4.0,17.0,76.47058823529412,13.0,17.0,41.17647058823529,7.0,17.0,58.82352941176471,10.0,17.0,0.0,0.0,17.0,70.58823529411765,12.0,17.0,29.411764705882355,5.0,17.0,100.0,17.0,17.0,0.0,0.0,17.0,0.0,0.0,17.0,0.0,0.0,17.0,100.0,17.0,17.0,5.88235294117647,1.0,17.0,0.0,0.0,17.0,94.11764705882352,16.0,17.0
8,0,0.1,0.05,596,3.631075209842181,8.563760086419043,0.0,0.0,7.0,0.0,0.0,7.0,100.0,7.0,7.0,14.285714285714285,1.0,7.0,85.71428571428571,6.0,7.0,0.0,0.0,7.0,100.0,7.0,7.0,0.0,0.0,7.0,100.0,7.0,7.0,0.0,0.0,7.0,0.0,0.0,7.0,0.0,0.0,7.0,100.0,7.0,7.0,28.57142857142857,2.0,7.0,0.0,0.0,7.0,71.42857142857143,5.0,7.0
9,0,0.1,0.05,597,2.5663192673185877,4.272293421872971,0.0,0.0,11.0,27.27272727272727,3.0,11.0,72.72727272727273,8.0,11.0,63.63636363636363,7.0,11.0,36.36363636363637,4.0,11.0,0.0,0.0,11.0,36.36363636363637,4.0,11.0,63.63636363636363,7.0,11.0,90.9090909090909,10.0,11.0,0.0,0.0,11.0,9.090909090909092,1.0,11.0,0.0,0.0,11.0,100.0,11.0,11.0,0.0,0.0,11.0,0.0,0.0,11.0,100.0,11.0,11.0
10,0,0.1,0.05,598,2.654944845841716,4.7687675447239535,0.0,0.0,13.0,0.0,0.0,13.0,100.0,13.0,13.0,84.61538461538461,11.0,13.0,15.384615384615385,2.0,13.0,0.0,0.0,13.0,0.0,0.0,13.0,100.0,13.0,13.0,69.23076923076923,9.0,13.0,0.0,0.0,13.0,30.76923076923077,4.0,13.0,0.0,0.0,13.0,100.0,13.0,13.0,0.0,0.0,13.0,0.0,0.0,13.0,100.0,13.0,13.0
11,0,0.1,0.05,599,2.16079077058668,4.982293411474549,0.0,0.0,7.0,42.857142857142854,3.0,7.0,57.14285714285714,4.0,7.0,42.857142857142854,3.0,7.0,57.14285714285714,4.0,7.0,0.0,0.0,7.0,42.857142857142854,3.0,7.0,57.14285714285714,4.0,7.0,71.42857142857143,5.0,7.0,0.0,0.0,7.0,28.57142857142857,2.0,7.0,0.0,0.0,7.0,100.0,7.0,7.0,0.0,0.0,7.0,0.0,0.0,7.0,100.0,7.0,7.0
12,0,0.1,0.05,600,1.7167825968213115,5.626847044432812,0.0,0.0,13.0,0.0,0.0,13.0,100.0,13.0,13.0,100.0,13.0,13.0,0.0,0.0,13.0,0.0,0.0,13.0,23.076923076923077,3.0,13.0,76.92307692307693,10.0,13.0,69.23076923076923,9.0,13.0,0.0,0.0,13.0,30.76923076923077,4.0,13.0,0.0,0.0,13.0,100.0,13.0,13.0,0.0,0.0,13.0,0.0,0.0,13.0,100.0,13.0,13.0
13,0,0.1,0.05,601,0.3435411997273937,3.6368491178537283,0.0,0.0,13.0,23.076923076923077,3.0,13.0,76.92307692307693,10.0,13.0,69.23076923076923,9.0,13.0,30.76923076923077,4.0,13.0,0.0,0.0,13.0,30.76923076923077,4.0,13.0,69.23076923076923,9.0,13.0,84.61538461538461,11.0,13.0,0.0,0.0,13.0,15.384615384615385,2.0,13.0,0.0,0.0,13.0,100.0,13.0,13.0,0.0,0.0,13.0,0.0,0.0,13.0,100.0,13.0,13.0
14,0,0.2,0.1,588,2.2443653886820787,8.721980885358974,0.0,0.0,29.0,3.4482758620689653,1.0,29.0,96.55172413793103,28.0,29.0,79.3103448275862,23.0,29.0,20.689655172413794,6.0,29.0,0.0,0.0,29.0,34.48275862068966,10.0,29.0,65.51724137931035,19.0,29.0,100.0,29.0,29.0,0.0,0.0,29.0,0.0,0.0,29.0,0.0,0.0,29.0,100.0,29.0,29.0,3.4482758620689653,1.0,29.0,0.0,0.0,29.0,96.55172413793103,28.0,29.0
15,0,0.2,0.1,589,0.2888743699587139,6.359272332400016,0.0,0.0,36.0,5.555555555555555,2.0,36.0,94.44444444444444,34.0,36.0,100.0,36.0,36.0,0.0,0.0,36.0,0.0,0.0,36.0,72.22222222222221,26.0,36.0,27.77777777777778,10.0,36.0,100.0,36.0,36.0,0.0,0.0,36.0,0.0,0.0,36.0,0.0,0.0,36.0,100.0,36.0,36.0,0.0,0.0,36.0,0.0,0.0,36.0,100.0,36.0,36.0
16,0,0.2,0.1,590,32.88734408553906,42.957900961745516,0.0,0.0,10.0,10.0,1.0,10.0,90.0,9.0,10.0,0.0,0.0,10.0,100.0,10.0,10.0,0.0,0.0,10.0,100.0,10.0,10.0,0.0,0.0,10.0,100.0,10.0,10.0,0.0,0.0,10.0,0.0,0.0,10.0,40.0,4.0,10.0,60.0,6.0,10.0,80.0,8.0,10.0,10.0,1.0,10.0,10.0,1.0,10.0
17,0,0.2,0.1,591,10.048340104658148,26.30506267726409,0.0,0.0,30.0,3.3333333333333335,1.0,30.0,96.66666666666667,29.0,30.0,86.66666666666667,26.0,30.0,13.333333333333334,4.0,30.0,0.0,0.0,30.0,100.0,30.0,30.0,0.0,0.0,30.0,100.0,30.0,30.0,0.0,0.0,30.0,0.0,0.0,30.0,0.0,0.0,30.0,100.0,30.0,30.0,0.0,0.0,30.0,0.0,0.0,30.0,100.0,30.0,30.0
18,0,0.2,0.1,592,57.553265517529965,83.58625574345619,0.0,0.0,34.0,20.588235294117645,7.0,34.0,79.41176470588235,27.0,34.0,67.64705882352942,23.0,34.0,32.35294117647059,11.0,34.0,0.0,0.0,34.0,100.0,34.0,34.0,0.0,0.0,34.0,100.0,34.0,34.0,0.0,0.0,34.0,0.0,0.0,34.0,0.0,0.0,34.0,100.0,34.0,34.0,11.76470588235294,4.0,34.0,0.0,0.0,34.0,88.23529411764706,30.0,34.0
19,0,0.2,0.1,593,43.505216021854096,59.16177538831862,8.571428571428571,3.0,35.0,60.0,21.0,35.0,31.428571428571427,11.0,35.0,25.71428571428571,9.0,35.0,71.42857142857143,25.0,35.0,2.857142857142857,1.0,35.0,77.14285714285715,27.0,35.0,22.857142857142858,8.0,35.0,17.142857142857142,6.0,35.0,0.0,0.0,35.0,82.85714285714286,29.0,35.0,11.428571428571429,4.0,35.0,88.57142857142857,31.0,35.0,5.714285714285714,2.0,35.0,14.285714285714285,5.0,35.0,80.0,28.0,35.0
20,0,0.2,0.1,594,52.21012483865696,73.32587307768839,0.0,0.0,71.0,9.859154929577464,7.0,71.0,90.14084507042254,64.0,71.0,60.56338028169014,43.0,71.0,39.436619718309856,28.0,71.0,0.0,0.0,71.0,21.12676056338028,15.0,71.0,78.87323943661971,56.0,71.0,88.73239436619718,63.0,71.0,2.8169014084507045,2.0,71.0,8.450704225352112,6.0,71.0,0.0,0.0,71.0,100.0,71.0,71.0,0.0,0.0,71.0,0.0,0.0,71.0,100.0,71.0,71.0
21,0,0.2,0.1,595,5.985442911713947,27.542338525981677,0.0,0.0,33.0,39.39393939393939,13.0,33.0,60.60606060606061,20.0,33.0,51.515151515151516,17.0,33.0,48.484848484848484,16.0,33.0,0.0,0.0,33.0,69.6969696969697,23.0,33.0,30.303030303030305,10.0,33.0,96.96969696969697,32.0,33.0,0.0,0.0,33.0,3.0303030303030303,1.0,33.0,0.0,0.0,33.0,100.0,33.0,33.0,3.0303030303030303,1.0,33.0,0.0,0.0,33.0,96.96969696969697,32.0,33.0
22,0,0.2,0.1,596,3.631075209842181,12.856524191850383,0.0,0.0,13.0,7.6923076923076925,1.0,13.0,92.3076923076923,12.0,13.0,15.384615384615385,2.0,13.0,84.61538461538461,11.0,13.0,0.0,0.0,13.0,100.0,13.0,13.0,0.0,0.0,13.0,100.0,13.0,13.0,0.0,0.0,13.0,0.0,0.0,13.0,0.0,0.0,13.0,100.0,13.0,13.0,30.76923076923077,4.0,13.0,0.0,0.0,13.0,69.23076923076923,9.0,13.0
23,0,0.2,0.1,597,2.5663192673185877,6.342026104264289,0.0,0.0,23.0,13.043478260869565,3.0,23.0,86.95652173913044,20.0,23.0,60.86956521739131,14.0,23.0,39.130434782608695,9.0,23.0,0.0,0.0,23.0,30.434782608695656,7.0,23.0,69.56521739130434,16.0,23.0,95.65217391304348,22.0,23.0,0.0,0.0,23.0,4.3478260869565215,1.0,23.0,0.0,0.0,23.0,100.0,23.0,23.0,0.0,0.0,23.0,0.0,0.0,23.0,100.0,23.0,23.0
24,0,0.2,0.1,598,2.654944845841716,6.529930316625451,0.0,0.0,24.0,8.333333333333332,2.0,24.0,91.66666666666666,22.0,24.0,83.33333333333334,20.0,24.0,16.666666666666664,4.0,24.0,0.0,0.0,24.0,8.333333333333332,2.0,24.0,91.66666666666666,22.0,24.0,70.83333333333334,17.0,24.0,0.0,0.0,24.0,29.166666666666668,7.0,24.0,0.0,0.0,24.0,100.0,24.0,24.0,4.166666666666666,1.0,24.0,0.0,0.0,24.0,95.83333333333334,23.0,24.0
25,0,0.2,0.1,599,2.16079077058668,6.847379143442893,0.0,0.0,14.0,57.14285714285714,8.0,14.0,42.857142857142854,6.0,14.0,64.28571428571429,9.0,14.0,35.714285714285715,5.0,14.0,0.0,0.0,14.0,28.57142857142857,4.0,14.0,71.42857142857143,10.0,14.0,85.71428571428571,12.0,14.0,0.0,0.0,14.0,14.285714285714285,2.0,14.0,0.0,0.0,14.0,100.0,14.0,14.0,7.142857142857142,1.0,14.0,0.0,0.0,14.0,92.85714285714286,13.0,14.0
26,0,0.2,0.1,600,1.7167825968213115,7.624289797413484,0.0,0.0,24.0,0.0,0.0,24.0,100.0,24.0,24.0,91.66666666666666,22.0,24.0,8.333333333333332,2.0,24.0,0.0,0.0,24.0,16.666666666666664,4.0,24.0,83.33333333333334,20.0,24.0,83.33333333333334,20.0,24.0,0.0,0.0,24.0,16.666666666666664,4.0,24.0,0.0,0.0,24.0,100.0,24.0,24.0,0.0,0.0,24.0,0.0,0.0,24.0,100.0,24.0,24.0
27,0,0.2,0.1,601,0.3435411997273937,4.1741485822203135,0.0,0.0,26.0,19.230769230769234,5.0,26.0,80.76923076923077,21.0,26.0,61.53846153846154,16.0,26.0,38.46153846153847,10.0,26.0,0.0,0.0,26.0,30.76923076923077,8.0,26.0,69.23076923076923,18.0,26.0,80.76923076923077,21.0,26.0,0.0,0.0,26.0,19.230769230769234,5.0,26.0,0.0,0.0,26.0,100.0,26.0,26.0,0.0,0.0,26.0,0.0,0.0,26.0,100.0,26.0,26.0
28,0,0.30000000000000004,0.15000000000000002,588,2.2443653886820787,10.371699001616053,0.0,0.0,44.0,6.8181818181818175,3.0,44.0,93.18181818181817,41.0,44.0,86.36363636363636,38.0,44.0,13.636363636363635,6.0,44.0,0.0,0.0,44.0,38.63636363636363,17.0,44.0,61.36363636363637,27.0,44.0,100.0,44.0,44.0,0.0,0.0,44.0,0.0,0.0,44.0,0.0,0.0,44.0,100.0,44.0,44.0,2.272727272727273,1.0,44.0,0.0,0.0,44.0,97.72727272727273,43.0,44.0
29,0,0.30000000000000004,0.15000000000000002,589,0.2888743699587139,7.555826421534313,0.0,0.0,54.0,7.4074074074074066,4.0,54.0,92.5925925925926,50.0,54.0,100.0,54.0,54.0,0.0,0.0,54.0,0.0,0.0,54.0,81.48148148148148,44.0,54.0,18.51851851851852,10.0,54.0,100.0,54.0,54.0,0.0,0.0,54.0,0.0,0.0,54.0,0.0,0.0,54.0,100.0,54.0,54.0,0.0,0.0,54.0,0.0,0.0,54.0,100.0,54.0,54.0
30,0,0.30000000000000004,0.15000000000000002,590,32.88734408553906,45.507291145903224,0.0,0.0,15.0,6.666666666666667,1.0,15.0,93.33333333333333,14.0,15.0,0.0,0.0,15.0,100.0,15.0,15.0,0.0,0.0,15.0,100.0,15.0,15.0,0.0,0.0,15.0,100.0,15.0,15.0,0.0,0.0,15.0,0.0,0.0,15.0,33.33333333333333,5.0,15.0,66.66666666666666,10.0,15.0,80.0,12.0,15.0,6.666666666666667,1.0,15.0,13.333333333333334,2.0,15.0
31,0,0.30000000000000004,0.15000000000000002,591,10.048340104658148,32.42432349056191,0.0,0.0,44.0,2.272727272727273,1.0,44.0,97.72727272727273,43.0,44.0,81.81818181818183,36.0,44.0,18.181818181818183,8.0,44.0,0.0,0.0,44.0,100.0,44.0,44.0,0.0,0.0,44.0,100.0,44.0,44.0,0.0,0.0,44.0,0.0,0.0,44.0,4.545454545454546,2.0,44.0,95.45454545454545,42.0,44.0,6.8181818181818175,3.0,44.0,0.0,0.0,44.0,93.18181818181817,41.0,44.0
32,0,0.30000000000000004,0.15000000000000002,592,57.553265517529965,88.08223100206783,0.0,0.0,50.0,18.0,9.0,50.0,82.0,41.0,50.0,68.0,34.0,50.0,32.0,16.0,50.0,0.0,0.0,50.0,100.0,50.0,50.0,0.0,0.0,50.0,100.0,50.0,50.0,0.0,0.0,50.0,0.0,0.0,50.0,0.0,0.0,50.0,100.0,50.0,50.0,14.000000000000002,7.0,50.0,0.0,0.0,50.0,86.0,43.0,50.0
33,0,0.30000000000000004,0.15000000000000002,593,43.505216021854096,66.60118515920946,5.769230769230769,3.0,52.0,55.769230769230774,29.0,52.0,38.46153846153847,20.0,52.0,36.53846153846153,19.0,52.0,61.53846153846154,32.0,52.0,1.9230769230769231,1.0,52.0,63.46153846153846,33.0,52.0,36.53846153846153,19.0,52.0,21.153846153846153,11.0,52.0,0.0,0.0,52.0,78.84615384615384,41.0,52.0,7.6923076923076925,4.0,52.0,92.3076923076923,48.0,52.0,5.769230769230769,3.0,52.0,9.615384615384617,5.0,52.0,84.61538461538461,44.0,52.0
34,0,0.30000000000000004,0.15000000000000002,594,52.21012483865696,79.29941021842707,0.0,0.0,107.0,14.018691588785046,15.0,107.0,85.98130841121495,92.0,107.0,58.87850467289719,63.0,107.0,41.1214953271028,44.0,107.0,0.0,0.0,107.0,24.299065420560748,26.0,107.0,75.70093457943925,81.0,107.0,85.98130841121495,92.0,107.0,3.7383177570093453,4.0,107.0,10.2803738317757,11.0,107.0,0.0,0.0,107.0,100.0,107.0,107.0,0.9345794392523363,1.0,107.0,0.0,0.0,107.0,99.06542056074767,106.0,107.0
35,0,0.30000000000000004,0.15000000000000002,595,5.985442911713947,32.77432925263738,0.0,0.0,49.0,34.69387755102041,17.0,49.0,65.3061224489796,32.0,49.0,65.3061224489796,32.0,49.0,34.69387755102041,17.0,49.0,0.0,0.0,49.0,59.183673469387756,29.0,49.0,40.816326530612244,20.0,49.0,97.95918367346938,48.0,49.0,0.0,0.0,49.0,2.0408163265306123,1.0,49.0,0.0,0.0,49.0,100.0,49.0,49.0,2.0408163265306123,1.0,49.0,0.0,0.0,49.0,97.95918367346938,48.0,49.0
36,0,0.30000000000000004,0.15000000000000002,596,3.631075209842181,14.787234613521642,0.0,0.0,19.0,26.31578947368421,5.0,19.0,73.68421052631578,14.0,19.0,10.526315789473683,2.0,19.0,89.47368421052632,17.0,19.0,0.0,0.0,19.0,100.0,19.0,19.0,0.0,0.0,19.0,94.73684210526315,18.0,19.0,0.0,0.0,19.0,5.263157894736842,1.0,19.0,0.0,0.0,19.0,100.0,19.0,19.0,26.31578947368421,5.0,19.0,15.789473684210526,3.0,19.0,57.89473684210527,11.0,19.0
37,0,0.30000000000000004,0.15000000000000002,597,2.5663192673185877,7.7078932707488885,0.0,0.0,32.0,15.625,5.0,32.0,84.375,27.0,32.0,68.75,22.0,32.0,31.25,10.0,32.0,0.0,0.0,32.0,28.125,9.0,32.0,71.875,23.0,32.0,96.875,31.0,32.0,0.0,0.0,32.0,3.125,1.0,32.0,0.0,0.0,32.0,100.0,32.0,32.0,0.0,0.0,32.0,0.0,0.0,32.0,100.0,32.0,32.0
38,0,0.30000000000000004,0.15000000000000002,598,2.654944845841716,8.680326775982284,0.0,0.0,35.0,8.571428571428571,3.0,35.0,91.42857142857143,32.0,35.0,74.28571428571429,26.0,35.0,25.71428571428571,9.0,35.0,0.0,0.0,35.0,5.714285714285714,2.0,35.0,94.28571428571428,33.0,35.0,68.57142857142857,24.0,35.0,2.857142857142857,1.0,35.0,28.57142857142857,10.0,35.0,0.0,0.0,35.0,100.0,35.0,35.0,8.571428571428571,3.0,35.0,0.0,0.0,35.0,91.42857142857143,32.0,35.0
39,0,0.30000000000000004,0.15000000000000002,599,2.16079077058668,8.749158007896645,0.0,0.0,20.0,60.0,12.0,20.0,40.0,8.0,20.0,65.0,13.0,20.0,35.0,7.0,20.0,0.0,0.0,20.0,30.0,6.0,20.0,70.0,14.0,20.0,90.0,18.0,20.0,0.0,0.0,20.0,10.0,2.0,20.0,0.0,0.0,20.0,100.0,20.0,20.0,10.0,2.0,20.0,0.0,0.0,20.0,90.0,18.0,20.0
40,0,0.30000000000000004,0.15000000000000002,600,1.7167825968213115,8.68899554263922,0.0,0.0,36.0,0.0,0.0,36.0,100.0,36.0,36.0,83.33333333333334,30.0,36.0,16.666666666666664,6.0,36.0,0.0,0.0,36.0,13.88888888888889,5.0,36.0,86.11111111111111,31.0,36.0,88.88888888888889,32.0,36.0,0.0,0.0,36.0,11.11111111111111,4.0,36.0,0.0,0.0,36.0,100.0,36.0,36.0,0.0,0.0,36.0,0.0,0.0,36.0,100.0,36.0,36.0
41,0,0.30000000000000004,0.15000000000000002,601,0.3435411997273937,6.5489720709384525,0.0,0.0,39.0,25.64102564102564,10.0,39.0,74.35897435897436,29.0,39.0,53.84615384615385,21.0,39.0,46.15384615384615,18.0,39.0,0.0,0.0,39.0,43.58974358974359,17.0,39.0,56.41025641025641,22.0,39.0,84.61538461538461,33.0,39.0,0.0,0.0,39.0,15.384615384615385,6.0,39.0,0.0,0.0,39.0,100.0,39.0,39.0,0.0,0.0,39.0,0.0,0.0,39.0,100.0,39.0,39.0
42,0,0.4,0.2,588,2.2443653886820787,12.49546823378077,0.0,0.0,57.0,5.263157894736842,3.0,57.0,94.73684210526315,54.0,57.0,82.45614035087719,47.0,57.0,17.543859649122805,10.0,57.0,0.0,0.0,57.0,38.59649122807017,22.0,57.0,61.40350877192983,35.0,57.0,100.0,57.0,57.0,0.0,0.0,57.0,0.0,0.0,57.0,0.0,0.0,57.0,100.0,57.0,57.0,1.7543859649122806,1.0,57.0,0.0,0.0,57.0,98.24561403508771,56.0,57.0
43,0,0.4,0.2,589,0.2888743699587139,8.666648422932415,0.0,0.0,72.0,11.11111111111111,8.0,72.0,88.88888888888889,64.0,72.0,100.0,72.0,72.0,0.0,0.0,72.0,0.0,0.0,72.0,80.55555555555556,58.0,72.0,19.444444444444446,14.0,72.0,100.0,72.0,72.0,0.0,0.0,72.0,0.0,0.0,72.0,0.0,0.0,72.0,100.0,72.0,72.0,0.0,0.0,72.0,0.0,0.0,72.0,100.0,72.0,72.0
44,0,0.4,0.2,590,32.88734408553906,47.21320250472138,0.0,0.0,19.0,5.263157894736842,1.0,19.0,94.73684210526315,18.0,19.0,0.0,0.0,19.0,100.0,19.0,19.0,0.0,0.0,19.0,100.0,19.0,19.0,0.0,0.0,19.0,100.0,19.0,19.0,0.0,0.0,19.0,0.0,0.0,19.0,26.31578947368421,5.0,19.0,73.68421052631578,14.0,19.0,78.94736842105263,15.0,19.0,5.263157894736842,1.0,19.0,15.789473684210526,3.0,19.0
45,0,0.4,0.2,591,10.048340104658148,36.33119225944149,0.0,0.0,59.0,1.694915254237288,1.0,59.0,98.30508474576271,58.0,59.0,71.1864406779661,42.0,59.0,28.8135593220339,17.0,59.0,0.0,0.0,59.0,100.0,59.0,59.0,0.0,0.0,59.0,100.0,59.0,59.0,0.0,0.0,59.0,0.0,0.0,59.0,3.389830508474576,2.0,59.0,96.61016949152543,57.0,59.0,5.084745762711865,3.0,59.0,0.0,0.0,59.0,94.91525423728814,56.0,59.0
46,0,0.4,0.2,592,57.553265517529965,92.29862351807593,0.0,0.0,66.0,18.181818181818183,12.0,66.0,81.81818181818183,54.0,66.0,69.6969696969697,46.0,66.0,30.303030303030305,20.0,66.0,0.0,0.0,66.0,100.0,66.0,66.0,0.0,0.0,66.0,100.0,66.0,66.0,0.0,0.0,66.0,0.0,0.0,66.0,0.0,0.0,66.0,100.0,66.0,66.0,16.666666666666664,11.0,66.0,0.0,0.0,66.0,83.33333333333334,55.0,66.0
47,0,0.4,0.2,593,43.505216021854096,71.77506917651014,4.477611940298507,3.0,67.0,53.73134328358209,36.0,67.0,41.7910447761194,28.0,67.0,32.83582089552239,22.0,67.0,65.67164179104478,44.0,67.0,1.4925373134328357,1.0,67.0,64.17910447761194,43.0,67.0,35.82089552238806,24.0,67.0,23.88059701492537,16.0,67.0,0.0,0.0,67.0,76.11940298507463,51.0,67.0,5.970149253731343,4.0,67.0,94.02985074626866,63.0,67.0,7.462686567164178,5.0,67.0,7.462686567164178,5.0,67.0,85.07462686567165,57.0,67.0
48,0,0.4,0.2,594,52.21012483865696,84.52735853397567,0.0,0.0,143.0,11.888111888111888,17.0,143.0,88.11188811188812,126.0,143.0,58.74125874125874,84.0,143.0,41.25874125874126,59.0,143.0,0.0,0.0,143.0,26.573426573426573,38.0,143.0,73.42657342657343,105.0,143.0,86.01398601398601,123.0,143.0,4.895104895104895,7.0,143.0,9.090909090909092,13.0,143.0,0.0,0.0,143.0,100.0,143.0,143.0,0.6993006993006993,1.0,143.0,0.0,0.0,143.0,99.3006993006993,142.0,143.0
49,0,0.4,0.2,595,5.985442911713947,35.95903583646685,0.0,0.0,67.0,34.32835820895522,23.0,67.0,65.67164179104478,44.0,67.0,70.1492537313433,47.0,67.0,29.850746268656714,20.0,67.0,0.0,0.0,67.0,50.74626865671642,34.0,67.0,49.25373134328358,33.0,67.0,97.01492537313433,65.0,67.0,0.0,0.0,67.0,2.9850746268656714,2.0,67.0,1.4925373134328357,1.0,67.0,98.50746268656717,66.0,67.0,1.4925373134328357,1.0,67.0,0.0,0.0,67.0,98.50746268656717,66.0,67.0
50,0,0.4,0.2,596,3.631075209842181,18.7841155300936,4.0,1.0,25.0,28.000000000000004,7.0,25.0,68.0,17.0,25.0,8.0,2.0,25.0,92.0,23.0,25.0,0.0,0.0,25.0,100.0,25.0,25.0,0.0,0.0,25.0,92.0,23.0,25.0,0.0,0.0,25.0,8.0,2.0,25.0,4.0,1.0,25.0,96.0,24.0,25.0,20.0,5.0,25.0,28.000000000000004,7.0,25.0,52.0,13.0,25.0
51,0,0.4,0.2,597,2.5663192673185877,9.493710179261424,0.0,0.0,43.0,11.627906976744185,5.0,43.0,88.37209302325581,38.0,43.0,62.7906976744186,27.0,43.0,37.2093023255814,16.0,43.0,0.0,0.0,43.0,34.883720930232556,15.0,43.0,65.11627906976744,28.0,43.0,97.67441860465115,42.0,43.0,0.0,0.0,43.0,2.3255813953488373,1.0,43.0,0.0,0.0,43.0,100.0,43.0,43.0,0.0,0.0,43.0,0.0,0.0,43.0,100.0,43.0,43.0
52,0,0.4,0.2,598,2.654944845841716,10.633674792142209,0.0,0.0,47.0,10.638297872340425,5.0,47.0,89.36170212765957,42.0,47.0,70.2127659574468,33.0,47.0,29.78723404255319,14.0,47.0,0.0,0.0,47.0,6.382978723404255,3.0,47.0,93.61702127659575,44.0,47.0,74.46808510638297,35.0,47.0,2.127659574468085,1.0,47.0,23.404255319148938,11.0,47.0,0.0,0.0,47.0,100.0,47.0,47.0,8.51063829787234,4.0,47.0,0.0,0.0,47.0,91.48936170212765,43.0,47.0
53,0,0.4,0.2,599,2.16079077058668,9.931289073059533,0.0,0.0,27.0,62.96296296296296,17.0,27.0,37.03703703703704,10.0,27.0,62.96296296296296,17.0,27.0,37.03703703703704,10.0,27.0,0.0,0.0,27.0,37.03703703703704,10.0,27.0,62.96296296296296,17.0,27.0,92.5925925925926,25.0,27.0,0.0,0.0,27.0,7.4074074074074066,2.0,27.0,0.0,0.0,27.0,100.0,27.0,27.0,11.11111111111111,3.0,27.0,0.0,0.0,27.0,88.88888888888889,24.0,27.0
54,0,0.4,0.2,600,1.7167825968213115,11.87231293216385,0.0,0.0,48.0,4.166666666666666,2.0,48.0,95.83333333333334,46.0,48.0,81.25,39.0,48.0,18.75,9.0,48.0,0.0,0.0,48.0,20.833333333333336,10.0,48.0,79.16666666666666,38.0,48.0,85.41666666666666,41.0,48.0,0.0,0.0,48.0,14.583333333333334,7.0,48.0,0.0,0.0,48.0,100.0,48.0,48.0,0.0,0.0,48.0,0.0,0.0,48.0,100.0,48.0,48.0
55,0,0.4,0.2,601,0.3435411997273937,7.6346136854402555,0.0,0.0,52.0,30.76923076923077,16.0,52.0,69.23076923076923,36.0,52.0,48.07692307692308,25.0,52.0,51.92307692307693,27.0,52.0,0.0,0.0,52.0,50.0,26.0,52.0,50.0,26.0,52.0,84.61538461538461,44.0,52.0,0.0,0.0,52.0,15.384615384615385,8.0,52.0,0.0,0.0,52.0,100.0,52.0,52.0,0.0,0.0,52.0,0.0,0.0,52.0,100.0,52.0,52.0
56,0,0.5,0.25,588,2.2443653886820787,14.085279323171234,0.0,0.0,73.0,6.8493150684931505,5.0,73.0,93.15068493150685,68.0,73.0,75.34246575342466,55.0,73.0,24.65753424657534,18.0,73.0,0.0,0.0,73.0,47.94520547945205,35.0,73.0,52.054794520547944,38.0,73.0,100.0,73.0,73.0,0.0,0.0,73.0,0.0,0.0,73.0,0.0,0.0,73.0,100.0,73.0,73.0,4.10958904109589,3.0,73.0,0.0,0.0,73.0,95.8904109589041,70.0,73.0
57,0,0.5,0.25,589,0.2888743699587139,9.873696106060848,0.0,0.0,90.0,8.88888888888889,8.0,90.0,91.11111111111111,82.0,90.0,100.0,90.0,90.0,0.0,0.0,90.0,0.0,0.0,90.0,84.44444444444444,76.0,90.0,15.555555555555555,14.0,90.0,100.0,90.0,90.0,0.0,0.0,90.0,0.0,0.0,90.0,0.0,0.0,90.0,100.0,90.0,90.0,0.0,0.0,90.0,0.0,0.0,90.0,100.0,90.0,90.0
58,0,0.5,0.25,590,32.88734408553906,49.69200808214828,0.0,0.0,24.0,4.166666666666666,1.0,24.0,95.83333333333334,23.0,24.0,8.333333333333332,2.0,24.0,91.66666666666666,22.0,24.0,0.0,0.0,24.0,95.83333333333334,23.0,24.0,4.166666666666666,1.0,24.0,100.0,24.0,24.0,0.0,0.0,24.0,0.0,0.0,24.0,20.833333333333336,5.0,24.0,79.16666666666666,19.0,24.0,70.83333333333334,17.0,24.0,4.166666666666666,1.0,24.0,25.0,6.0,24.0
59,0,0.5,0.25,591,10.048340104658148,44.895900067516145,0.0,0.0,74.0,1.3513513513513513,1.0,74.0,98.64864864864865,73.0,74.0,66.21621621621621,49.0,74.0,33.78378378378378,25.0,74.0,0.0,0.0,74.0,100.0,74.0,74.0,0.0,0.0,74.0,100.0,74.0,74.0,0.0,0.0,74.0,0.0,0.0,74.0,2.7027027027027026,2.0,74.0,97.2972972972973,72.0,74.0,4.054054054054054,3.0,74.0,0.0,0.0,74.0,95.94594594594594,71.0,74.0
60,0,0.5,0.25,592,57.553265517529965,95.85361951334706,0.0,0.0,81.0,19.753086419753085,16.0,81.0,80.24691358024691,65.0,81.0,75.30864197530865,61.0,81.0,24.691358024691358,20.0,81.0,0.0,0.0,81.0,100.0,81.0,81.0,0.0,0.0,81.0,100.0,81.0,81.0,0.0,0.0,81.0,0.0,0.0,81.0,0.0,0.0,81.0,100.0,81.0,81.0,22.22222222222222,18.0,81.0,0.0,0.0,81.0,77.77777777777779,63.0,81.0
61,0,0.5,0.25,593,43.505216021854096,75.50887126887649,4.761904761904762,4.0,84.0,53.57142857142857,45.0,84.0,41.66666666666667,35.0,84.0,29.761904761904763,25.0,84.0,67.85714285714286,57.0,84.0,2.380952380952381,2.0,84.0,70.23809523809523,59.0,84.0,29.761904761904763,25.0,84.0,29.761904761904763,25.0,84.0,0.0,0.0,84.0,70.23809523809523,59.0,84.0,5.952380952380952,5.0,84.0,94.04761904761905,79.0,84.0,7.142857142857142,6.0,84.0,7.142857142857142,6.0,84.0,85.71428571428571,72.0,84.0
62,0,0.5,0.25,594,52.21012483865696,90.71686508850007,0.0,0.0,177.0,12.429378531073446,22.0,177.0,87.57062146892656,155.0,177.0,57.06214689265536,101.0,177.0,42.93785310734463,76.0,177.0,0.0,0.0,177.0,27.683615819209038,49.0,177.0,72.31638418079096,128.0,177.0,85.87570621468926,152.0,177.0,3.954802259887006,7.0,177.0,10.16949152542373,18.0,177.0,0.0,0.0,177.0,100.0,177.0,177.0,1.1299435028248588,2.0,177.0,0.0,0.0,177.0,98.87005649717514,175.0,177.0
63,0,0.5,0.25,595,5.985442911713947,39.100640830846096,0.0,0.0,83.0,39.75903614457831,33.0,83.0,60.24096385542169,50.0,83.0,75.90361445783132,63.0,83.0,24.096385542168676,20.0,83.0,0.0,0.0,83.0,46.98795180722892,39.0,83.0,53.01204819277109,44.0,83.0,95.18072289156626,79.0,83.0,0.0,0.0,83.0,4.819277108433735,4.0,83.0,1.2048192771084338,1.0,83.0,98.79518072289156,82.0,83.0,1.2048192771084338,1.0,83.0,0.0,0.0,83.0,98.79518072289156,82.0,83.0
64,0,0.5,0.25,596,3.631075209842181,21.279929574198164,6.25,2.0,32.0,28.125,9.0,32.0,65.625,21.0,32.0,6.25,2.0,32.0,90.625,29.0,32.0,3.125,1.0,32.0,100.0,32.0,32.0,0.0,0.0,32.0,90.625,29.0,32.0,0.0,0.0,32.0,9.375,3.0,32.0,3.125,1.0,32.0,96.875,31.0,32.0,21.875,7.0,32.0,28.125,9.0,32.0,50.0,16.0,32.0
65,0,0.5,0.25,597,2.5663192673185877,11.152671555672665,0.0,0.0,53.0,9.433962264150944,5.0,53.0,90.56603773584906,48.0,53.0,60.37735849056604,32.0,53.0,39.62264150943396,21.0,53.0,0.0,0.0,53.0,39.62264150943396,21.0,53.0,60.37735849056604,32.0,53.0,98.11320754716981,52.0,53.0,0.0,0.0,53.0,1.8867924528301887,1.0,53.0,0.0,0.0,53.0,100.0,53.0,53.0,0.0,0.0,53.0,0.0,0.0,53.0,100.0,53.0,53.0
66,0,0.5,0.25,598,2.654944845841716,11.323478716002695,0.0,0.0,59.0,8.47457627118644,5.0,59.0,91.52542372881356,54.0,59.0,64.40677966101694,38.0,59.0,35.59322033898305,21.0,59.0,0.0,0.0,59.0,8.47457627118644,5.0,59.0,91.52542372881356,54.0,59.0,71.1864406779661,42.0,59.0,1.694915254237288,1.0,59.0,27.11864406779661,16.0,59.0,0.0,0.0,59.0,100.0,59.0,59.0,11.864406779661017,7.0,59.0,0.0,0.0,59.0,88.13559322033898,52.0,59.0
67,0,0.5,0.25,599,2.16079077058668,10.962241779049897,0.0,0.0,33.0,60.60606060606061,20.0,33.0,39.39393939393939,13.0,33.0,63.63636363636363,21.0,33.0,36.36363636363637,12.0,33.0,0.0,0.0,33.0,33.33333333333333,11.0,33.0,66.66666666666666,22.0,33.0,93.93939393939394,31.0,33.0,0.0,0.0,33.0,6.0606060606060606,2.0,33.0,0.0,0.0,33.0,100.0,33.0,33.0,12.121212121212121,4.0,33.0,0.0,0.0,33.0,87.87878787878788,29.0,33.0
68,0,0.5,0.25,600,1.7167825968213115,14.788450821263206,0.0,0.0,60.0,8.333333333333332,5.0,60.0,91.66666666666666,55.0,60.0,80.0,48.0,60.0,20.0,12.0,60.0,0.0,0.0,60.0,26.666666666666668,16.0,60.0,73.33333333333333,44.0,60.0,88.33333333333333,53.0,60.0,0.0,0.0,60.0,11.666666666666666,7.0,60.0,0.0,0.0,60.0,100.0,60.0,60.0,0.0,0.0,60.0,0.0,0.0,60.0,100.0,60.0,60.0
69,0,0.5,0.25,601,0.3435411997273937,9.3155300517235,0.0,0.0,64.0,32.8125,21.0,64.0,67.1875,43.0,64.0,39.0625,25.0,64.0,60.9375,39.0,64.0,0.0,0.0,64.0,51.5625,33.0,64.0,48.4375,31.0,64.0,84.375,54.0,64.0,1.5625,1.0,64.0,14.0625,9.0,64.0,0.0,0.0,64.0,100.0,64.0,64.0,0.0,0.0,64.0,0.0,0.0,64.0,100.0,64.0,64.0
70,0,0.6,0.3,588,2.2443653886820787,15.466182333150002,0.0,0.0,86.0,11.627906976744185,10.0,86.0,88.37209302325581,76.0,86.0,74.4186046511628,64.0,86.0,25.581395348837212,22.0,86.0,0.0,0.0,86.0,50.0,43.0,86.0,50.0,43.0,86.0,100.0,86.0,86.0,0.0,0.0,86.0,0.0,0.0,86.0,0.0,0.0,86.0,100.0,86.0,86.0,4.651162790697675,4.0,86.0,0.0,0.0,86.0,95.34883720930233,82.0,86.0
71,0,0.6,0.3,589,0.2888743699587139,11.26843207993199,0.0,0.0,106.0,7.547169811320755,8.0,106.0,92.45283018867924,98.0,106.0,98.11320754716981,104.0,106.0,1.8867924528301887,2.0,106.0,0.0,0.0,106.0,86.79245283018868,92.0,106.0,13.20754716981132,14.0,106.0,100.0,106.0,106.0,0.0,0.0,106.0,0.0,0.0,106.0,0.0,0.0,106.0,100.0,106.0,106.0,0.0,0.0,106.0,0.0,0.0,106.0,100.0,106.0,106.0
72,0,0.6,0.3,590,32.88734408553906,51.08330717617113,0.0,0.0,29.0,3.4482758620689653,1.0,29.0,96.55172413793103,28.0,29.0,10.344827586206897,3.0,29.0,89.65517241379311,26.0,29.0,0.0,0.0,29.0,96.55172413793103,28.0,29.0,3.4482758620689653,1.0,29.0,100.0,29.0,29.0,0.0,0.0,29.0,0.0,0.0,29.0,17.24137931034483,5.0,29.0,82.75862068965517,24.0,29.0,62.06896551724138,18.0,29.0,6.896551724137931,2.0,29.0,31.03448275862069,9.0,29.0
73,0,0.6,0.3,591,10.048340104658148,51.96949747507845,0.0,0.0,88.0,1.1363636363636365,1.0,88.0,98.86363636363636,87.0,88.0,67.04545454545455,59.0,88.0,32.95454545454545,29.0,88.0,0.0,0.0,88.0,100.0,88.0,88.0,0.0,0.0,88.0,100.0,88.0,88.0,0.0,0.0,88.0,0.0,0.0,88.0,2.272727272727273,2.0,88.0,97.72727272727273,86.0,88.0,4.545454545454546,4.0,88.0,0.0,0.0,88.0,95.45454545454545,84.0,88.0
74,0,0.6,0.3,592,57.553265517529965,99.95542002447058,0.0,0.0,97.0,22.68041237113402,22.0,97.0,77.31958762886599,75.0,97.0,79.38144329896907,77.0,97.0,20.618556701030926,20.0,97.0,0.0,0.0,97.0,100.0,97.0,97.0,0.0,0.0,97.0,100.0,97.0,97.0,0.0,0.0,97.0,0.0,0.0,97.0,0.0,0.0,97.0,100.0,97.0,97.0,21.649484536082475,21.0,97.0,0.0,0.0,97.0,78.35051546391753,76.0,97.0
75,0,0.6,0.3,593,43.505216021854096,80.23258512186243,4.0,4.0,100.0,55.00000000000001,55.0,100.0,41.0,41.0,100.0,30.0,30.0,100.0,68.0,68.0,100.0,2.0,2.0,100.0,71.0,71.0,100.0,28.999999999999996,29.0,100.0,36.0,36.0,100.0,0.0,0.0,100.0,64.0,64.0,100.0,5.0,5.0,100.0,95.0,95.0,100.0,7.000000000000001,7.0,100.0,6.0,6.0,100.0,87.0,87.0,100.0
76,0,0.6,0.3,594,52.21012483865696,95.31522157446453,0.0,0.0,212.0,14.622641509433961,31.0,212.0,85.37735849056604,181.0,212.0,57.07547169811321,121.0,212.0,42.924528301886795,91.0,212.0,0.0,0.0,212.0,30.660377358490564,65.0,212.0,69.33962264150944,147.0,212.0,83.49056603773585,177.0,212.0,5.188679245283019,11.0,212.0,11.320754716981133,24.0,212.0,0.0,0.0,212.0,100.0,212.0,212.0,0.9433962264150944,2.0,212.0,0.0,0.0,212.0,99.05660377358491,210.0,212.0
77,0,0.6,0.3,595,5.985442911713947,41.9848246142288,0.0,0.0,98.0,39.795918367346935,39.0,98.0,60.204081632653065,59.0,98.0,73.46938775510205,72.0,98.0,26.53061224489796,26.0,98.0,0.0,0.0,98.0,41.83673469387755,41.0,98.0,58.16326530612245,57.0,98.0,89.79591836734694,88.0,98.0,0.0,0.0,98.0,10.204081632653061,10.0,98.0,1.0204081632653061,1.0,98.0,98.9795918367347,97.0,98.0,1.0204081632653061,1.0,98.0,0.0,0.0,98.0,98.9795918367347,97.0,98.0
78,0,0.6,0.3,596,3.631075209842181,24.633391438359883,7.894736842105263,3.0,38.0,23.684210526315788,9.0,38.0,68.42105263157895,26.0,38.0,5.263157894736842,2.0,38.0,86.8421052631579,33.0,38.0,7.894736842105263,3.0,38.0,100.0,38.0,38.0,0.0,0.0,38.0,89.47368421052632,34.0,38.0,0.0,0.0,38.0,10.526315789473683,4.0,38.0,5.263157894736842,2.0,38.0,94.73684210526315,36.0,38.0,21.052631578947366,8.0,38.0,34.21052631578947,13.0,38.0,44.73684210526316,17.0,38.0
79,0,0.6,0.3,597,2.5663192673185877,13.162267452451935,0.0,0.0,64.0,15.625,10.0,64.0,84.375,54.0,64.0,56.25,36.0,64.0,43.75,28.0,64.0,0.0,0.0,64.0,40.625,26.0,64.0,59.375,38.0,64.0,98.4375,63.0,64.0,0.0,0.0,64.0,1.5625,1.0,64.0,0.0,0.0,64.0,100.0,64.0,64.0,0.0,0.0,64.0,0.0,0.0,64.0,100.0,64.0,64.0
80,0,0.6,0.3,598,2.654944845841716,13.209199156228735,0.0,0.0,70.0,11.428571428571429,8.0,70.0,88.57142857142857,62.0,70.0,58.57142857142858,41.0,70.0,41.42857142857143,29.0,70.0,0.0,0.0,70.0,8.571428571428571,6.0,70.0,91.42857142857143,64.0,70.0,72.85714285714285,51.0,70.0,2.857142857142857,2.0,70.0,24.285714285714285,17.0,70.0,0.0,0.0,70.0,100.0,70.0,70.0,14.285714285714285,10.0,70.0,0.0,0.0,70.0,85.71428571428571,60.0,70.0
81,0,0.6,0.3,599,2.16079077058668,13.050741767408097,0.0,0.0,40.0,60.0,24.0,40.0,40.0,16.0,40.0,65.0,26.0,40.0,35.0,14.0,40.0,0.0,0.0,40.0,27.500000000000004,11.0,40.0,72.5,29.0,40.0,95.0,38.0,40.0,0.0,0.0,40.0,5.0,2.0,40.0,0.0,0.0,40.0,100.0,40.0,40.0,15.0,6.0,40.0,0.0,0.0,40.0,85.0,34.0,40.0
82,0,0.6,0.3,600,1.7167825968213115,19.044110865913066,0.0,0.0,70.0,12.857142857142856,9.0,70.0,87.14285714285714,61.0,70.0,71.42857142857143,50.0,70.0,28.57142857142857,20.0,70.0,0.0,0.0,70.0,37.142857142857146,26.0,70.0,62.857142857142854,44.0,70.0,90.0,63.0,70.0,0.0,0.0,70.0,10.0,7.0,70.0,0.0,0.0,70.0,100.0,70.0,70.0,1.4285714285714286,1.0,70.0,0.0,0.0,70.0,98.57142857142858,69.0,70.0
83,0,0.6,0.3,601,0.3435411997273937,11.289958005782163,0.0,0.0,77.0,33.76623376623377,26.0,77.0,66.23376623376623,51.0,77.0,36.36363636363637,28.0,77.0,63.63636363636363,49.0,77.0,0.0,0.0,77.0,50.649350649350644,39.0,77.0,49.35064935064935,38.0,77.0,87.01298701298701,67.0,77.0,1.2987012987012987,1.0,77.0,11.688311688311687,9.0,77.0,0.0,0.0,77.0,100.0,77.0,77.0,0.0,0.0,77.0,0.0,0.0,77.0,100.0,77.0,77.0
84,0,0.7,0.35,588,2.2443653886820787,17.406075270160805,0.0,0.0,100.0,14.000000000000002,14.0,100.0,86.0,86.0,100.0,73.0,73.0,100.0,27.0,27.0,100.0,0.0,0.0,100.0,53.0,53.0,100.0,47.0,47.0,100.0,100.0,100.0,100.0,0.0,0.0,100.0,0.0,0.0,100.0,0.0,0.0,100.0,100.0,100.0,100.0,4.0,4.0,100.0,0.0,0.0,100.0,96.0,96.0,100.0
85,0,0.7,0.35,589,0.2888743699587139,13.622700523277414,0.0,0.0,124.0,7.258064516129033,9.0,124.0,92.74193548387096,115.0,124.0,97.58064516129032,121.0,124.0,2.4193548387096775,3.0,124.0,0.0,0.0,124.0,88.70967741935483,110.0,124.0,11.29032258064516,14.0,124.0,100.0,124.0,124.0,0.0,0.0,124.0,0.0,0.0,124.0,0.0,0.0,124.0,100.0,124.0,124.0,0.0,0.0,124.0,0.0,0.0,124.0,100.0,124.0,124.0
86,0,0.7,0.35,590,32.88734408553906,53.82264403938936,0.0,0.0,33.0,3.0303030303030303,1.0,33.0,96.96969696969697,32.0,33.0,9.090909090909092,3.0,33.0,90.9090909090909,30.0,33.0,0.0,0.0,33.0,96.96969696969697,32.0,33.0,3.0303030303030303,1.0,33.0,100.0,33.0,33.0,0.0,0.0,33.0,0.0,0.0,33.0,15.151515151515152,5.0,33.0,84.84848484848484,28.0,33.0,60.60606060606061,20.0,33.0,6.0606060606060606,2.0,33.0,33.33333333333333,11.0,33.0
87,0,0.7,0.35,591,10.048340104658148,61.71354770492282,0.0,0.0,104.0,0.9615384615384616,1.0,104.0,99.03846153846155,103.0,104.0,68.26923076923077,71.0,104.0,31.73076923076923,33.0,104.0,0.0,0.0,104.0,100.0,104.0,104.0,0.0,0.0,104.0,100.0,104.0,104.0,0.0,0.0,104.0,0.0,0.0,104.0,1.9230769230769231,2.0,104.0,98.07692307692307,102.0,104.0,4.807692307692308,5.0,104.0,0.0,0.0,104.0,95.1923076923077,99.0,104.0
88,0,0.7,0.35,592,57.553265517529965,104.17901116183472,0.0,0.0,113.0,25.663716814159294,29.0,113.0,74.33628318584071,84.0,113.0,82.30088495575221,93.0,113.0,17.699115044247787,20.0,113.0,0.0,0.0,113.0,100.0,113.0,113.0,0.0,0.0,113.0,100.0,113.0,113.0,0.0,0.0,113.0,0.0,0.0,113.0,0.0,0.0,113.0,100.0,113.0,113.0,23.893805309734514,27.0,113.0,0.0,0.0,113.0,76.10619469026548,86.0,113.0
89,0,0.7,0.35,593,43.505216021854096,84.42861694031487,3.418803418803419,4.0,117.0,55.55555555555556,65.0,117.0,41.02564102564102,48.0,117.0,29.059829059829063,34.0,117.0,69.23076923076923,81.0,117.0,1.7094017094017095,2.0,117.0,75.21367521367522,88.0,117.0,24.786324786324787,29.0,117.0,37.60683760683761,44.0,117.0,0.0,0.0,117.0,62.39316239316239,73.0,117.0,4.273504273504273,5.0,117.0,95.72649572649573,112.0,117.0,7.6923076923076925,9.0,117.0,5.128205128205128,6.0,117.0,87.17948717948718,102.0,117.0
90,0,0.7,0.35,594,52.21012483865696,98.5310588783442,0.0,0.0,249.0,14.859437751004014,37.0,249.0,85.14056224899599,212.0,249.0,57.028112449799195,142.0,249.0,42.971887550200805,107.0,249.0,0.0,0.0,249.0,30.923694779116467,77.0,249.0,69.07630522088354,172.0,249.0,85.14056224899599,212.0,249.0,4.417670682730924,11.0,249.0,10.441767068273093,26.0,249.0,0.0,0.0,249.0,100.0,249.0,249.0,0.8032128514056224,2.0,249.0,0.0,0.0,249.0,99.19678714859438,247.0,249.0
91,0,0.7,0.35,595,5.985442911713947,46.11126247110408,0.0,0.0,116.0,37.93103448275862,44.0,116.0,62.06896551724138,72.0,116.0,76.72413793103449,89.0,116.0,23.275862068965516,27.0,116.0,0.0,0.0,116.0,36.206896551724135,42.0,116.0,63.793103448275865,74.0,116.0,82.75862068965517,96.0,116.0,0.0,0.0,116.0,17.24137931034483,20.0,116.0,0.8620689655172413,1.0,116.0,99.13793103448276,115.0,116.0,0.8620689655172413,1.0,116.0,0.0,0.0,116.0,99.13793103448276,115.0,116.0
92,0,0.7,0.35,596,3.631075209842181,26.973103306742118,6.8181818181818175,3.0,44.0,22.727272727272727,10.0,44.0,70.45454545454545,31.0,44.0,4.545454545454546,2.0,44.0,88.63636363636364,39.0,44.0,6.8181818181818175,3.0,44.0,100.0,44.0,44.0,0.0,0.0,44.0,90.9090909090909,40.0,44.0,0.0,0.0,44.0,9.090909090909092,4.0,44.0,4.545454545454546,2.0,44.0,95.45454545454545,42.0,44.0,20.454545454545457,9.0,44.0,31.818181818181817,14.0,44.0,47.72727272727273,21.0,44.0
93,0,0.7,0.35,597,2.5663192673185877,14.121983661675278,0.0,0.0,74.0,16.216216216216218,12.0,74.0,83.78378378378379,62.0,74.0,52.702702702702695,39.0,74.0,47.2972972972973,35.0,74.0,0.0,0.0,74.0,47.2972972972973,35.0,74.0,52.702702702702695,39.0,74.0,98.64864864864865,73.0,74.0,0.0,0.0,74.0,1.3513513513513513,1.0,74.0,0.0,0.0,74.0,100.0,74.0,74.0,0.0,0.0,74.0,0.0,0.0,74.0,100.0,74.0,74.0
94,0,0.7,0.35,598,2.654944845841716,14.620168760402912,0.0,0.0,82.0,13.414634146341465,11.0,82.0,86.58536585365853,71.0,82.0,56.09756097560976,46.0,82.0,43.90243902439025,36.0,82.0,0.0,0.0,82.0,7.317073170731707,6.0,82.0,92.6829268292683,76.0,82.0,70.73170731707317,58.0,82.0,4.878048780487805,4.0,82.0,24.390243902439025,20.0,82.0,0.0,0.0,82.0,100.0,82.0,82.0,17.073170731707318,14.0,82.0,0.0,0.0,82.0,82.92682926829268,68.0,82.0
95,0,0.7,0.35,599,2.16079077058668,14.13741785862475,0.0,0.0,46.0,58.69565217391305,27.0,46.0,41.30434782608695,19.0,46.0,65.21739130434783,30.0,46.0,34.78260869565217,16.0,46.0,0.0,0.0,46.0,28.26086956521739,13.0,46.0,71.73913043478261,33.0,46.0,95.65217391304348,44.0,46.0,0.0,0.0,46.0,4.3478260869565215,2.0,46.0,0.0,0.0,46.0,100.0,46.0,46.0,15.217391304347828,7.0,46.0,0.0,0.0,46.0,84.78260869565217,39.0,46.0
96,0,0.7,0.35,600,1.7167825968213115,22.547432885687556,0.0,0.0,83.0,22.89156626506024,19.0,83.0,77.10843373493977,64.0,83.0,69.87951807228916,58.0,83.0,30.120481927710845,25.0,83.0,0.0,0.0,83.0,42.168674698795186,35.0,83.0,57.831325301204814,48.0,83.0,91.56626506024097,76.0,83.0,0.0,0.0,83.0,8.433734939759036,7.0,83.0,0.0,0.0,83.0,100.0,83.0,83.0,1.2048192771084338,1.0,83.0,0.0,0.0,83.0,98.79518072289156,82.0,83.0
97,0,0.7,0.35,601,0.3435411997273937,14.196333207610099,0.0,0.0,90.0,36.666666666666664,33.0,90.0,63.33333333333333,57.0,90.0,31.11111111111111,28.0,90.0,68.88888888888889,62.0,90.0,0.0,0.0,90.0,52.22222222222223,47.0,90.0,47.77777777777778,43.0,90.0,87.77777777777777,79.0,90.0,1.1111111111111112,1.0,90.0,11.11111111111111,10.0,90.0,0.0,0.0,90.0,100.0,90.0,90.0,0.0,0.0,90.0,0.0,0.0,90.0,100.0,90.0,90.0
98,0,0.7999999999999999,0.39999999999999997,588,2.2443653886820787,22.344218402252174,0.0,0.0,114.0,13.157894736842104,15.0,114.0,86.8421052631579,99.0,114.0,69.2982456140351,79.0,114.0,30.701754385964914,35.0,114.0,0.0,0.0,114.0,58.77192982456141,67.0,114.0,41.228070175438596,47.0,114.0,100.0,114.0,114.0,0.0,0.0,114.0,0.0,0.0,114.0,0.8771929824561403,1.0,114.0,99.12280701754386,113.0,114.0,3.508771929824561,4.0,114.0,0.0,0.0,114.0,96.49122807017544,110.0,114.0
99,0,0.7999999999999999,0.39999999999999997,589,0.2888743699587139,17.760465439427296,0.0,0.0,141.0,9.929078014184398,14.0,141.0,90.0709219858156,127.0,141.0,92.90780141843972,131.0,141.0,7.092198581560284,10.0,141.0,0.0,0.0,141.0,90.0709219858156,127.0,141.0,9.929078014184398,14.0,141.0,100.0,141.0,141.0,0.0,0.0,141.0,0.0,0.0,141.0,0.0,0.0,141.0,100.0,141.0,141.0,0.0,0.0,141.0,0.0,0.0,141.0,100.0,141.0,141.0
100,0,0.7999999999999999,0.39999999999999997,590,32.88734408553906,57.274546336645756,0.0,0.0,38.0,2.631578947368421,1.0,38.0,97.36842105263158,37.0,38.0,7.894736842105263,3.0,38.0,92.10526315789474,35.0,38.0,0.0,0.0,38.0,97.36842105263158,37.0,38.0,2.631578947368421,1.0,38.0,100.0,38.0,38.0,0.0,0.0,38.0,0.0,0.0,38.0,13.157894736842104,5.0,38.0,86.8421052631579,33.0,38.0,63.1578947368421,24.0,38.0,5.263157894736842,2.0,38.0,31.57894736842105,12.0,38.0
101,0,0.7999999999999999,0.39999999999999997,591,10.048340104658148,69.23832160539122,0.0,0.0,118.0,0.847457627118644,1.0,118.0,99.15254237288136,117.0,118.0,71.1864406779661,84.0,118.0,28.8135593220339,34.0,118.0,0.0,0.0,118.0,100.0,118.0,118.0,0.0,0.0,118.0,100.0,118.0,118.0,0.0,0.0,118.0,0.0,0.0,118.0,1.694915254237288,2.0,118.0,98.30508474576271,116.0,118.0,4.23728813559322,5.0,118.0,0.0,0.0,118.0,95.76271186440678,113.0,118.0
102,0,0.7999999999999999,0.39999999999999997,592,57.553265517529965,109.9225013241188,0.0,0.0,129.0,24.8062015503876,32.0,129.0,75.1937984496124,97.0,129.0,84.49612403100775,109.0,129.0,15.503875968992247,20.0,129.0,0.0,0.0,129.0,99.2248062015504,128.0,129.0,0.7751937984496124,1.0,129.0,100.0,129.0,129.0,0.0,0.0,129.0,0.0,0.0,129.0,0.0,0.0,129.0,100.0,129.0,129.0,25.581395348837212,33.0,129.0,0.0,0.0,129.0,74.4186046511628,96.0,129.0
103,0,0.7999999999999999,0.39999999999999997,593,43.505216021854096,93.67079579505192,3.007518796992481,4.0,133.0,53.383458646616546,71.0,133.0,43.609022556390975,58.0,133.0,28.57142857142857,38.0,133.0,69.92481203007519,93.0,133.0,1.5037593984962405,2.0,133.0,78.19548872180451,104.0,133.0,21.804511278195488,29.0,133.0,43.609022556390975,58.0,133.0,0.0,0.0,133.0,56.390977443609025,75.0,133.0,3.7593984962406015,5.0,133.0,96.2406015037594,128.0,133.0,9.774436090225564,13.0,133.0,4.511278195488721,6.0,133.0,85.71428571428571,114.0,133.0
104,0,0.7999999999999999,0.39999999999999997,594,52.21012483865696,103.0356920393647,0.0,0.0,284.0,16.19718309859155,46.0,284.0,83.80281690140845,238.0,284.0,54.929577464788736,156.0,284.0,45.07042253521127,128.0,284.0,0.0,0.0,284.0,34.50704225352113,98.0,284.0,65.49295774647888,186.0,284.0,86.97183098591549,247.0,284.0,3.873239436619718,11.0,284.0,9.15492957746479,26.0,284.0,0.0,0.0,284.0,100.0,284.0,284.0,0.7042253521126761,2.0,284.0,0.0,0.0,284.0,99.29577464788733,282.0,284.0
105,0,0.7999999999999999,0.39999999999999997,595,5.985442911713947,51.15723732657216,0.0,0.0,131.0,34.35114503816794,45.0,131.0,65.64885496183206,86.0,131.0,79.38931297709924,104.0,131.0,20.610687022900763,27.0,131.0,0.0,0.0,131.0,32.82442748091603,43.0,131.0,67.17557251908397,88.0,131.0,78.62595419847328,103.0,131.0,0.0,0.0,131.0,21.374045801526716,28.0,131.0,0.7633587786259541,1.0,131.0,99.23664122137404,130.0,131.0,0.7633587786259541,1.0,131.0,0.0,0.0,131.0,99.23664122137404,130.0,131.0
106,0,0.7999999999999999,0.39999999999999997,596,3.631075209842181,30.32529029531851,10.0,5.0,50.0,20.0,10.0,50.0,70.0,35.0,50.0,6.0,3.0,50.0,86.0,43.0,50.0,8.0,4.0,50.0,100.0,50.0,50.0,0.0,0.0,50.0,88.0,44.0,50.0,0.0,0.0,50.0,12.0,6.0,50.0,6.0,3.0,50.0,94.0,47.0,50.0,22.0,11.0,50.0,32.0,16.0,50.0,46.0,23.0,50.0
107,0,0.7999999999999999,0.39999999999999997,597,2.5663192673185877,18.817118117869033,0.0,0.0,85.0,20.0,17.0,85.0,80.0,68.0,85.0,47.05882352941176,40.0,85.0,52.94117647058824,45.0,85.0,0.0,0.0,85.0,50.588235294117645,43.0,85.0,49.411764705882355,42.0,85.0,98.82352941176471,84.0,85.0,0.0,0.0,85.0,1.1764705882352942,1.0,85.0,0.0,0.0,85.0,100.0,85.0,85.0,0.0,0.0,85.0,0.0,0.0,85.0,100.0,85.0,85.0
108,0,0.7999999999999999,0.39999999999999997,598,2.654944845841716,19.00571536461958,0.0,0.0,93.0,13.978494623655912,13.0,93.0,86.02150537634408,80.0,93.0,51.61290322580645,48.0,93.0,48.38709677419355,45.0,93.0,0.0,0.0,93.0,8.60215053763441,8.0,93.0,91.39784946236558,85.0,93.0,68.81720430107528,64.0,93.0,5.376344086021505,5.0,93.0,25.806451612903224,24.0,93.0,0.0,0.0,93.0,100.0,93.0,93.0,19.35483870967742,18.0,93.0,0.0,0.0,93.0,80.64516129032258,75.0,93.0
109,0,0.7999999999999999,0.39999999999999997,599,2.16079077058668,16.55040718354758,0.0,0.0,53.0,62.264150943396224,33.0,53.0,37.735849056603776,20.0,53.0,67.9245283018868,36.0,53.0,32.075471698113205,17.0,53.0,0.0,0.0,53.0,33.9622641509434,18.0,53.0,66.0377358490566,35.0,53.0,96.22641509433963,51.0,53.0,0.0,0.0,53.0,3.7735849056603774,2.0,53.0,0.0,0.0,53.0,100.0,53.0,53.0,18.867924528301888,10.0,53.0,0.0,0.0,53.0,81.13207547169812,43.0,53.0
110,0,0.7999999999999999,0.39999999999999997,600,1.7167825968213115,25.787930547482897,0.0,0.0,93.0,30.107526881720432,28.0,93.0,69.89247311827957,65.0,93.0,63.44086021505376,59.0,93.0,36.55913978494624,34.0,93.0,0.0,0.0,93.0,46.236559139784944,43.0,93.0,53.76344086021505,50.0,93.0,92.47311827956989,86.0,93.0,0.0,0.0,93.0,7.526881720430108,7.0,93.0,0.0,0.0,93.0,100.0,93.0,93.0,3.225806451612903,3.0,93.0,0.0,0.0,93.0,96.7741935483871,90.0,93.0
111,0,0.7999999999999999,0.39999999999999997,601,0.3435411997273937,17.40116163008917,0.0,0.0,102.0,39.21568627450981,40.0,102.0,60.78431372549019,62.0,102.0,29.411764705882355,30.0,102.0,70.58823529411765,72.0,102.0,0.0,0.0,102.0,54.90196078431373,56.0,102.0,45.09803921568628,46.0,102.0,89.2156862745098,91.0,102.0,0.9803921568627451,1.0,102.0,9.803921568627452,10.0,102.0,0.0,0.0,102.0,100.0,102.0,102.0,0.0,0.0,102.0,0.0,0.0,102.0,100.0,102.0,102.0
112,0,0.8999999999999999,0.44999999999999996,588,2.2443653886820787,27.379891124486683,0.0,0.0,128.0,12.5,16.0,128.0,87.5,112.0,128.0,64.84375,83.0,128.0,35.15625,45.0,128.0,0.0,0.0,128.0,63.28125,81.0,128.0,36.71875,47.0,128.0,100.0,128.0,128.0,0.0,0.0,128.0,0.0,0.0,128.0,1.5625,2.0,128.0,98.4375,126.0,128.0,3.125,4.0,128.0,0.0,0.0,128.0,96.875,124.0,128.0
113,0,0.8999999999999999,0.44999999999999996,589,0.2888743699587139,21.38574583653842,0.0,0.0,159.0,11.320754716981133,18.0,159.0,88.67924528301887,141.0,159.0,86.79245283018868,138.0,159.0,13.20754716981132,21.0,159.0,0.0,0.0,159.0,91.19496855345912,145.0,159.0,8.80503144654088,14.0,159.0,100.0,159.0,159.0,0.0,0.0,159.0,0.0,0.0,159.0,0.0,0.0,159.0,100.0,159.0,159.0,1.257861635220126,2.0,159.0,0.0,0.0,159.0,98.74213836477988,157.0,159.0
114,0,0.8999999999999999,0.44999999999999996,590,32.88734408553906,60.847788782267514,0.0,0.0,43.0,2.3255813953488373,1.0,43.0,97.67441860465115,42.0,43.0,6.976744186046512,3.0,43.0,93.02325581395348,40.0,43.0,0.0,0.0,43.0,97.67441860465115,42.0,43.0,2.3255813953488373,1.0,43.0,100.0,43.0,43.0,0.0,0.0,43.0,0.0,0.0,43.0,13.953488372093023,6.0,43.0,86.04651162790698,37.0,43.0,58.139534883720934,25.0,43.0,4.651162790697675,2.0,43.0,37.2093023255814,16.0,43.0
115,0,0.8999999999999999,0.44999999999999996,591,10.048340104658148,71.5527782076058,0.0,0.0,132.0,0.7575757575757576,1.0,132.0,99.24242424242425,131.0,132.0,73.48484848484848,97.0,132.0,26.515151515151516,35.0,132.0,0.0,0.0,132.0,100.0,132.0,132.0,0.0,0.0,132.0,100.0,132.0,132.0,0.0,0.0,132.0,0.0,0.0,132.0,1.5151515151515151,2.0,132.0,98.48484848484848,130.0,132.0,3.787878787878788,5.0,132.0,0.0,0.0,132.0,96.21212121212122,127.0,132.0
116,0,0.8999999999999999,0.44999999999999996,592,57.553265517529965,115.28699432393215,0.0,0.0,145.0,22.758620689655174,33.0,145.0,77.24137931034483,112.0,145.0,85.51724137931035,124.0,145.0,14.482758620689657,21.0,145.0,0.0,0.0,145.0,99.3103448275862,144.0,145.0,0.6896551724137931,1.0,145.0,100.0,145.0,145.0,0.0,0.0,145.0,0.0,0.0,145.0,0.0,0.0,145.0,100.0,145.0,145.0,26.89655172413793,39.0,145.0,0.0,0.0,145.0,73.10344827586206,106.0,145.0
117,0,0.8999999999999999,0.44999999999999996,593,43.505216021854096,110.15366584846508,2.6490066225165565,4.0,151.0,52.980132450331126,80.0,151.0,44.370860927152314,67.0,151.0,28.47682119205298,43.0,151.0,70.19867549668875,106.0,151.0,1.3245033112582782,2.0,151.0,80.79470198675497,122.0,151.0,19.205298013245034,29.0,151.0,50.331125827814574,76.0,151.0,0.0,0.0,151.0,49.668874172185426,75.0,151.0,3.3112582781456954,5.0,151.0,96.68874172185431,146.0,151.0,10.596026490066226,16.0,151.0,3.9735099337748347,6.0,151.0,85.43046357615894,129.0,151.0
118,0,0.8999999999999999,0.44999999999999996,594,52.21012483865696,107.71962274588279,0.0,0.0,318.0,16.9811320754717,54.0,318.0,83.01886792452831,264.0,318.0,52.20125786163522,166.0,318.0,47.79874213836478,152.0,318.0,0.0,0.0,318.0,37.735849056603776,120.0,318.0,62.264150943396224,198.0,318.0,88.0503144654088,280.0,318.0,3.459119496855346,11.0,318.0,8.49056603773585,27.0,318.0,0.0,0.0,318.0,100.0,318.0,318.0,0.628930817610063,2.0,318.0,0.0,0.0,318.0,99.37106918238993,316.0,318.0
119,0,0.8999999999999999,0.44999999999999996,595,5.985442911713947,56.13803123117217,0.0,0.0,147.0,31.97278911564626,47.0,147.0,68.02721088435374,100.0,147.0,80.27210884353741,118.0,147.0,19.727891156462583,29.0,147.0,0.0,0.0,147.0,29.931972789115648,44.0,147.0,70.06802721088435,103.0,147.0,72.10884353741497,106.0,147.0,0.0,0.0,147.0,27.89115646258503,41.0,147.0,0.6802721088435374,1.0,147.0,99.31972789115646,146.0,147.0,0.6802721088435374,1.0,147.0,0.0,0.0,147.0,99.31972789115646,146.0,147.0
120,0,0.8999999999999999,0.44999999999999996,596,3.631075209842181,33.49196740789057,8.928571428571429,5.0,56.0,21.428571428571427,12.0,56.0,69.64285714285714,39.0,56.0,5.357142857142857,3.0,56.0,87.5,49.0,56.0,7.142857142857142,4.0,56.0,100.0,56.0,56.0,0.0,0.0,56.0,89.28571428571429,50.0,56.0,0.0,0.0,56.0,10.714285714285714,6.0,56.0,5.357142857142857,3.0,56.0,94.64285714285714,53.0,56.0,23.214285714285715,13.0,56.0,32.142857142857146,18.0,56.0,44.642857142857146,25.0,56.0
121,0,0.8999999999999999,0.44999999999999996,597,2.5663192673185877,23.56526927997714,0.0,0.0,95.0,21.052631578947366,20.0,95.0,78.94736842105263,75.0,95.0,45.26315789473684,43.0,95.0,54.736842105263165,52.0,95.0,0.0,0.0,95.0,54.736842105263165,52.0,95.0,45.26315789473684,43.0,95.0,97.89473684210527,93.0,95.0,0.0,0.0,95.0,2.1052631578947367,2.0,95.0,0.0,0.0,95.0,100.0,95.0,95.0,0.0,0.0,95.0,0.0,0.0,95.0,100.0,95.0,95.0
122,0,0.8999999999999999,0.44999999999999996,598,2.654944845841716,29.242024287275303,0.0,0.0,105.0,19.047619047619047,20.0,105.0,80.95238095238095,85.0,105.0,46.666666666666664,49.0,105.0,53.333333333333336,56.0,105.0,0.0,0.0,105.0,7.6190476190476195,8.0,105.0,92.38095238095238,97.0,105.0,71.42857142857143,75.0,105.0,5.714285714285714,6.0,105.0,22.857142857142858,24.0,105.0,0.0,0.0,105.0,100.0,105.0,105.0,17.142857142857142,18.0,105.0,0.0,0.0,105.0,82.85714285714286,87.0,105.0
123,0,0.8999999999999999,0.44999999999999996,599,2.16079077058668,18.916254530835616,0.0,0.0,59.0,64.40677966101694,38.0,59.0,35.59322033898305,21.0,59.0,62.71186440677966,37.0,59.0,37.28813559322034,22.0,59.0,0.0,0.0,59.0,40.67796610169492,24.0,59.0,59.32203389830508,35.0,59.0,96.61016949152543,57.0,59.0,0.0,0.0,59.0,3.389830508474576,2.0,59.0,0.0,0.0,59.0,100.0,59.0,59.0,20.33898305084746,12.0,59.0,0.0,0.0,59.0,79.66101694915254,47.0,59.0
124,0,0.8999999999999999,0.44999999999999996,600,1.7167825968213115,29.73969291662886,0.0,0.0,105.0,37.142857142857146,39.0,105.0,62.857142857142854,66.0,105.0,57.14285714285714,60.0,105.0,42.857142857142854,45.0,105.0,0.0,0.0,105.0,50.476190476190474,53.0,105.0,49.523809523809526,52.0,105.0,93.33333333333333,98.0,105.0,0.0,0.0,105.0,6.666666666666667,7.0,105.0,0.0,0.0,105.0,100.0,105.0,105.0,3.8095238095238098,4.0,105.0,0.0,0.0,105.0,96.19047619047619,101.0,105.0
125,0,0.8999999999999999,0.44999999999999996,601,0.3435411997273937,21.426691262417705,0.0,0.0,115.0,40.0,46.0,115.0,60.0,69.0,115.0,27.82608695652174,32.0,115.0,72.17391304347827,83.0,115.0,0.0,0.0,115.0,56.52173913043478,65.0,115.0,43.47826086956522,50.0,115.0,90.43478260869566,104.0,115.0,0.8695652173913043,1.0,115.0,8.695652173913043,10.0,115.0,0.0,0.0,115.0,100.0,115.0,115.0,0.0,0.0,115.0,0.0,0.0,115.0,100.0,115.0,115.0
126,0,0.9999999999999999,0.49999999999999994,588,2.2443653886820787,39.961254604254485,0.0,0.0,142.0,12.676056338028168,18.0,142.0,87.32394366197182,124.0,142.0,59.859154929577464,85.0,142.0,40.140845070422536,57.0,142.0,0.0,0.0,142.0,66.90140845070422,95.0,142.0,33.098591549295776,47.0,142.0,100.0,142.0,142.0,0.0,0.0,142.0,0.0,0.0,142.0,3.5211267605633805,5.0,142.0,96.47887323943662,137.0,142.0,2.8169014084507045,4.0,142.0,0.0,0.0,142.0,97.1830985915493,138.0,142.0
127,0,0.9999999999999999,0.49999999999999994,589,0.2888743699587139,36.32364448548323,0.0,0.0,176.0,13.636363636363635,24.0,176.0,86.36363636363636,152.0,176.0,79.54545454545455,140.0,176.0,20.454545454545457,36.0,176.0,0.0,0.0,176.0,92.04545454545455,162.0,176.0,7.954545454545454,14.0,176.0,100.0,176.0,176.0,0.0,0.0,176.0,0.0,0.0,176.0,0.0,0.0,176.0,100.0,176.0,176.0,1.7045454545454544,3.0,176.0,0.0,0.0,176.0,98.29545454545455,173.0,176.0
128,0,0.9999999999999999,0.49999999999999994,590,32.88734408553906,68.62897011198726,0.0,0.0,47.0,2.127659574468085,1.0,47.0,97.87234042553192,46.0,47.0,6.382978723404255,3.0,47.0,93.61702127659575,44.0,47.0,0.0,0.0,47.0,97.87234042553192,46.0,47.0,2.127659574468085,1.0,47.0,100.0,47.0,47.0,0.0,0.0,47.0,0.0,0.0,47.0,12.76595744680851,6.0,47.0,87.2340425531915,41.0,47.0,53.191489361702125,25.0,47.0,4.25531914893617,2.0,47.0,42.5531914893617,20.0,47.0
129,0,0.9999999999999999,0.49999999999999994,591,10.048340104658148,78.14064852196215,0.0,0.0,146.0,0.684931506849315,1.0,146.0,99.31506849315068,145.0,146.0,73.97260273972603,108.0,146.0,26.027397260273972,38.0,146.0,0.0,0.0,146.0,98.63013698630137,144.0,146.0,1.36986301369863,2.0,146.0,100.0,146.0,146.0,0.0,0.0,146.0,0.0,0.0,146.0,1.36986301369863,2.0,146.0,98.63013698630137,144.0,146.0,4.10958904109589,6.0,146.0,0.0,0.0,146.0,95.8904109589041,140.0,146.0
130,0,0.9999999999999999,0.49999999999999994,592,57.553265517529965,122.70901038927437,0.0,0.0,161.0,20.496894409937887,33.0,161.0,79.5031055900621,128.0,161.0,85.71428571428571,138.0,161.0,14.285714285714285,23.0,161.0,0.0,0.0,161.0,99.37888198757764,160.0,161.0,0.6211180124223602,1.0,161.0,100.0,161.0,161.0,0.0,0.0,161.0,0.0,0.0,161.0,0.0,0.0,161.0,100.0,161.0,161.0,24.22360248447205,39.0,161.0,0.0,0.0,161.0,75.77639751552795,122.0,161.0
131,0,0.9999999999999999,0.49999999999999994,593,43.505216021854096,120.31100289991171,2.3952095808383236,4.0,167.0,50.29940119760479,84.0,167.0,47.30538922155689,79.0,167.0,32.33532934131736,54.0,167.0,66.46706586826348,111.0,167.0,1.1976047904191618,2.0,167.0,82.63473053892216,138.0,167.0,17.365269461077844,29.0,167.0,55.08982035928144,92.0,167.0,0.0,0.0,167.0,44.91017964071856,75.0,167.0,2.9940119760479043,5.0,167.0,97.0059880239521,162.0,167.0,9.580838323353294,16.0,167.0,3.592814371257485,6.0,167.0,86.82634730538922,145.0,167.0
132,0,0.9999999999999999,0.49999999999999994,594,52.21012483865696,117.5114845493401,0.0,0.0,354.0,18.64406779661017,66.0,354.0,81.35593220338984,288.0,354.0,51.41242937853108,182.0,354.0,48.58757062146893,172.0,354.0,0.0,0.0,354.0,43.22033898305085,153.0,354.0,56.779661016949156,201.0,354.0,88.70056497175142,314.0,354.0,3.672316384180791,13.0,354.0,7.627118644067797,27.0,354.0,0.0,0.0,354.0,100.0,354.0,354.0,0.5649717514124294,2.0,354.0,0.0,0.0,354.0,99.43502824858757,352.0,354.0
133,0,0.9999999999999999,0.49999999999999994,595,5.985442911713947,65.13667092111056,0.0,0.0,163.0,28.834355828220858,47.0,163.0,71.16564417177914,116.0,163.0,77.30061349693251,126.0,163.0,22.699386503067483,37.0,163.0,0.0,0.0,163.0,26.993865030674847,44.0,163.0,73.00613496932516,119.0,163.0,66.25766871165644,108.0,163.0,0.0,0.0,163.0,33.74233128834356,55.0,163.0,0.6134969325153374,1.0,163.0,99.38650306748467,162.0,163.0,0.6134969325153374,1.0,163.0,0.0,0.0,163.0,99.38650306748467,162.0,163.0
134,0,0.9999999999999999,0.49999999999999994,596,3.631075209842181,35.75345375265973,8.064516129032258,5.0,62.0,22.58064516129032,14.0,62.0,69.35483870967742,43.0,62.0,4.838709677419355,3.0,62.0,88.70967741935483,55.0,62.0,6.451612903225806,4.0,62.0,100.0,62.0,62.0,0.0,0.0,62.0,90.32258064516128,56.0,62.0,0.0,0.0,62.0,9.67741935483871,6.0,62.0,4.838709677419355,3.0,62.0,95.16129032258065,59.0,62.0,20.967741935483872,13.0,62.0,30.64516129032258,19.0,62.0,48.38709677419355,30.0,62.0
135,0,0.9999999999999999,0.49999999999999994,597,2.5663192673185877,29.035447214771974,0.0,0.0,105.0,21.904761904761905,23.0,105.0,78.0952380952381,82.0,105.0,40.95238095238095,43.0,105.0,59.04761904761905,62.0,105.0,0.0,0.0,105.0,56.19047619047619,59.0,105.0,43.80952380952381,46.0,105.0,96.19047619047619,101.0,105.0,0.0,0.0,105.0,3.8095238095238098,4.0,105.0,0.0,0.0,105.0,100.0,105.0,105.0,0.9523809523809524,1.0,105.0,0.0,0.0,105.0,99.04761904761905,104.0,105.0
136,0,0.9999999999999999,0.49999999999999994,598,2.654944845841716,37.06729861461268,0.0,0.0,117.0,17.94871794871795,21.0,117.0,82.05128205128204,96.0,117.0,43.58974358974359,51.0,117.0,56.41025641025641,66.0,117.0,0.0,0.0,117.0,7.6923076923076925,9.0,117.0,92.3076923076923,108.0,117.0,74.35897435897436,87.0,117.0,5.128205128205128,6.0,117.0,20.51282051282051,24.0,117.0,0.0,0.0,117.0,100.0,117.0,117.0,15.384615384615385,18.0,117.0,0.0,0.0,117.0,84.61538461538461,99.0,117.0
137,0,0.9999999999999999,0.49999999999999994,599,2.16079077058668,30.14993218670419,0.0,0.0,65.0,67.6923076923077,44.0,65.0,32.30769230769231,21.0,65.0,60.0,39.0,65.0,40.0,26.0,65.0,0.0,0.0,65.0,43.07692307692308,28.0,65.0,56.92307692307692,37.0,65.0,96.92307692307692,63.0,65.0,0.0,0.0,65.0,3.076923076923077,2.0,65.0,0.0,0.0,65.0,100.0,65.0,65.0,23.076923076923077,15.0,65.0,0.0,0.0,65.0,76.92307692307693,50.0,65.0
138,0,0.9999999999999999,0.49999999999999994,600,1.7167825968213115,35.424599434914676,0.0,0.0,116.0,41.37931034482759,48.0,116.0,58.620689655172406,68.0,116.0,53.44827586206896,62.0,116.0,45.689655172413794,53.0,116.0,0.8620689655172413,1.0,116.0,54.310344827586206,63.0,116.0,45.689655172413794,53.0,116.0,93.96551724137932,109.0,116.0,0.0,0.0,116.0,6.0344827586206895,7.0,116.0,0.0,0.0,116.0,100.0,116.0,116.0,6.896551724137931,8.0,116.0,0.0,0.0,116.0,93.10344827586206,108.0,116.0
139,0,0.9999999999999999,0.49999999999999994,601,0.3435411997273937,28.26057397251606,0.0,0.0,127.0,44.09448818897638,56.0,127.0,55.90551181102362,71.0,127.0,26.77165354330709,34.0,127.0,73.22834645669292,93.0,127.0,0.0,0.0,127.0,59.84251968503938,76.0,127.0,40.15748031496063,51.0,127.0,91.33858267716536,116.0,127.0,0.7874015748031495,1.0,127.0,7.874015748031496,10.0,127.0,0.0,0.0,127.0,100.0,127.0,127.0,1.574803149606299,2.0,127.0,0.0,0.0,127.0,98.4251968503937,125.0,127.0
